sex,ageband_at_study_entry,month,Persontime,Persontime_MIS_narrow,Persontime_KD_narrow,Persontime_MIS_KD_narrow,Persontime_MIS_broad,Persontime_KD_broad,Persontime_MIS_KD_broad,Persontime_MYOCARD_narrow,Persontime_MYOCARD_possible,Persontime_Myocardalone_narrow,Persontime_Myocardalone_possible,Persontime_PERICARD_narrow,Persontime_PERICARD_possible,MIS_narrow_b,KD_narrow_b,MIS_KD_narrow_b,MIS_broad_b,KD_broad_b,MIS_KD_broad_b,MYOCARD_narrow_b,MYOCARD_possible_b,Myocardalone_narrow_b,Myocardalone_possible_b,PERICARD_narrow_b,PERICARD_possible_b
0,0-4,2020-01,1319,1319,1319,1319,1319,1319,1319,1319,1319,1319,1319,1319,1319,0,0,0,0,0,0,0,0,0,0,0,0
0,0-4,2020-02,1218,1218,1218,1218,1218,1218,1218,1218,1218,1218,1218,1218,1218,0,0,0,0,0,0,0,0,0,0,0,0
0,0-4,2020-03,1302,1302,1302,1302,1302,1302,1302,1302,1302,1302,1302,1302,1302,0,0,0,0,0,0,0,0,0,0,0,0
0,0-4,2020-04,1230,1230,1230,1230,1230,1230,1230,1230,1230,1230,1230,1230,1230,0,0,0,0,0,0,0,0,0,0,0,0
0,0-4,2020-05,1271,1271,1271,1271,1271,1271,1271,1271,1271,1271,1271,1271,1271,0,0,0,0,0,0,0,0,0,0,0,0
0,0-4,2020-06,1230,1230,1230,1230,1230,1230,1230,1230,1230,1230,1230,1230,1230,0,0,0,0,0,0,0,0,0,0,0,0
0,0-4,2020-07,1271,1271,1271,1271,1271,1271,1271,1271,1271,1271,1271,1271,1271,0,0,0,0,0,0,0,0,0,0,0,0
0,0-4,2020-08,1271,1271,1271,1271,1271,1271,1271,1271,1271,1271,1271,1271,1271,0,0,0,0,0,0,0,0,0,0,0,0
0,0-4,2020-09,1175,1175,1175,1175,1175,1175,1175,1175,1175,1175,1175,1175,1175,0,0,0,0,0,0,0,0,0,0,0,0
0,0-4,2020-10,1195,1195,1195,1195,1195,1195,1195,1195,1195,1195,1195,1195,1195,0,0,0,0,0,0,0,0,0,0,0,0
0,0-4,2020-11,1072,1072,1072,1072,1072,1072,1072,1072,1072,1072,1072,1072,1072,0,0,0,0,0,0,0,0,0,0,0,0
0,0-4,2020-12,1085,1085,1085,1085,1085,1085,1085,1085,1085,1085,1085,1085,1085,0,0,0,0,0,0,0,0,0,0,0,0
0,0-4,2021-01,1085,1085,1085,1085,1085,1085,1085,1085,1085,1085,1085,1085,1085,0,0,0,0,0,0,0,0,0,0,0,0
0,0-4,2021-02,980,980,980,980,980,980,980,980,980,980,980,980,980,0,0,0,0,0,0,0,0,0,0,0,0
0,0-4,2021-03,1085,1085,1085,1085,1085,1085,1085,1085,1085,1085,1085,1085,1085,0,0,0,0,0,0,0,0,0,0,0,0
0,0-4,2021-04,1040,1040,1040,1040,1040,1040,1040,1040,1040,1040,1040,1040,1040,0,0,0,0,0,0,0,0,0,0,0,0
0,0-4,2021-05,1022,1022,1022,1022,1022,1022,1022,1022,1022,1022,1022,1022,1022,0,0,0,0,0,0,0,0,0,0,0,0
0,0-4,2021-06,930,930,930,930,930,930,930,930,930,930,930,930,930,0,0,0,0,0,0,0,0,0,0,0,0
1,0-4,2020-01,1276,1276,1276,1276,1276,1276,1276,1276,1276,1276,1276,1276,1276,0,0,0,0,0,0,0,0,0,0,0,0
1,0-4,2020-02,1188,1188,1188,1188,1188,1188,1188,1188,1188,1188,1188,1188,1188,0,0,0,0,0,0,0,0,0,0,0,0
1,0-4,2020-03,1240,1240,1240,1240,1240,1240,1240,1240,1240,1240,1240,1240,1240,0,0,0,0,0,0,0,0,0,0,0,0
1,0-4,2020-04,1180,1180,1180,1180,1180,1180,1180,1180,1180,1180,1180,1180,1180,0,0,0,0,0,0,0,0,0,0,0,0
1,0-4,2020-05,1209,1209,1209,1209,1209,1209,1209,1209,1209,1209,1209,1209,1209,0,0,0,0,0,0,0,0,0,0,0,0
1,0-4,2020-06,1170,1170,1170,1170,1170,1170,1170,1170,1170,1170,1170,1170,1170,0,0,0,0,0,0,0,0,0,0,0,0
1,0-4,2020-07,1187,1187,1187,1187,1187,1187,1187,1187,1187,1187,1187,1187,1187,0,0,0,0,0,0,0,0,0,0,0,0
1,0-4,2020-08,1178,1178,1178,1178,1178,1178,1178,1178,1178,1178,1178,1178,1178,0,0,0,0,0,0,0,0,0,0,0,0
1,0-4,2020-09,1140,1140,1140,1140,1140,1140,1140,1140,1140,1140,1140,1140,1140,0,0,0,0,0,0,0,0,0,0,0,0
1,0-4,2020-10,1178,1178,1178,1178,1178,1178,1178,1178,1178,1178,1178,1178,1178,0,0,0,0,0,0,0,0,0,0,0,0
1,0-4,2020-11,1140,1140,1140,1140,1140,1140,1140,1140,1140,1140,1140,1140,1140,0,0,0,0,0,0,0,0,0,0,0,0
1,0-4,2020-12,1178,1178,1178,1178,1178,1178,1178,1178,1178,1178,1178,1178,1178,0,0,0,0,0,0,0,0,0,0,0,0
1,0-4,2021-01,1170,1170,1170,1170,1170,1170,1170,1170,1170,1170,1170,1170,1170,0,0,0,0,0,0,0,0,0,0,0,0
1,0-4,2021-02,1036,1036,1036,1036,1036,1036,1036,1036,1036,1036,1036,1036,1036,0,0,0,0,0,0,0,0,0,0,0,0
1,0-4,2021-03,1147,1147,1147,1147,1147,1147,1147,1147,1147,1147,1147,1147,1147,0,0,0,0,0,0,0,0,0,0,0,0
1,0-4,2021-04,1103,1103,1103,1103,1103,1103,1103,1103,1103,1103,1103,1103,1103,0,0,0,0,0,0,0,0,0,0,0,0
1,0-4,2021-05,1109,1109,1109,1109,1109,1109,1109,1109,1109,1109,1109,1109,1109,0,0,0,0,0,0,0,0,0,0,0,0
1,0-4,2021-06,1050,1050,1050,1050,1050,1050,1050,1050,1050,1050,1050,1050,1050,0,0,0,0,0,0,0,0,0,0,0,0
0,5-11,2020-01,1860,1860,1860,1860,1860,1860,1860,1860,1860,1860,1860,1860,1860,0,0,0,0,0,0,0,0,0,0,0,0
0,5-11,2020-02,1740,1740,1740,1740,1740,1740,1740,1740,1740,1740,1740,1740,1740,0,0,0,0,0,0,0,0,0,0,0,0
0,5-11,2020-03,1860,1860,1860,1860,1860,1860,1860,1860,1860,1860,1860,1860,1860,0,0,0,0,0,0,0,0,0,0,0,0
0,5-11,2020-04,1800,1800,1800,1800,1800,1800,1800,1800,1800,1800,1800,1800,1800,0,0,0,0,0,0,0,0,0,0,0,0
0,5-11,2020-05,1860,1860,1860,1860,1860,1860,1860,1860,1860,1860,1860,1860,1860,0,0,0,0,0,0,0,0,0,0,0,0
0,5-11,2020-06,1800,1800,1800,1800,1800,1800,1800,1800,1800,1800,1800,1800,1800,0,0,0,0,0,0,0,0,0,0,0,0
0,5-11,2020-07,1860,1860,1860,1860,1860,1860,1860,1860,1860,1860,1860,1860,1860,0,0,0,0,0,0,0,0,0,0,0,0
0,5-11,2020-08,1860,1860,1860,1860,1860,1860,1860,1860,1860,1860,1860,1860,1860,0,0,0,0,0,0,0,0,0,0,0,0
0,5-11,2020-09,1800,1800,1800,1800,1800,1800,1800,1800,1800,1800,1800,1800,1800,0,0,0,0,0,0,0,0,0,0,0,0
0,5-11,2020-10,1848,1848,1848,1848,1848,1848,1848,1848,1848,1848,1848,1848,1848,0,0,0,0,0,0,0,0,0,0,0,0
0,5-11,2020-11,1731,1731,1731,1731,1731,1731,1731,1731,1731,1731,1731,1731,1731,0,0,0,0,0,0,0,0,0,0,0,0
0,5-11,2020-12,1748,1748,1748,1748,1748,1748,1748,1748,1748,1748,1748,1748,1748,0,0,0,0,0,0,0,0,0,0,0,0
0,5-11,2021-01,1702,1702,1702,1702,1702,1702,1702,1702,1702,1702,1702,1702,1702,0,0,0,0,0,0,0,0,0,0,0,0
0,5-11,2021-02,1506,1506,1506,1506,1506,1506,1506,1506,1506,1506,1506,1506,1506,0,0,0,0,0,0,0,0,0,0,0,0
0,5-11,2021-03,1643,1643,1643,1643,1643,1643,1643,1643,1643,1643,1643,1643,1643,0,0,0,0,0,0,0,0,0,0,0,0
0,5-11,2021-04,1590,1590,1590,1590,1590,1590,1590,1590,1590,1590,1590,1590,1590,0,0,0,0,0,0,0,0,0,0,0,0
0,5-11,2021-05,1643,1643,1643,1643,1643,1643,1643,1643,1643,1643,1643,1643,1643,0,0,0,0,0,0,0,0,0,0,0,0
0,5-11,2021-06,1590,1590,1590,1590,1590,1590,1590,1590,1590,1590,1590,1590,1590,0,0,0,0,0,0,0,0,0,0,0,0
1,5-11,2020-01,2705,2705,2705,2705,2705,2705,2705,2705,2705,2705,2705,2705,2705,0,0,0,0,0,0,0,0,0,0,0,0
1,5-11,2020-02,2512,2512,2512,2512,2512,2512,2512,2512,2512,2512,2512,2512,2512,0,0,0,0,0,0,0,0,0,0,0,0
1,5-11,2020-03,2666,2666,2666,2666,2666,2666,2666,2666,2666,2666,2666,2666,2666,0,0,0,0,0,0,0,0,0,0,0,0
1,5-11,2020-04,2580,2580,2580,2580,2580,2580,2580,2580,2580,2580,2580,2580,2580,0,0,0,0,0,0,0,0,0,0,0,0
1,5-11,2020-05,2666,2666,2666,2666,2666,2666,2666,2666,2666,2666,2666,2666,2666,0,0,0,0,0,0,0,0,0,0,0,0
1,5-11,2020-06,2580,2580,2580,2580,2580,2580,2580,2580,2580,2580,2580,2580,2580,0,0,0,0,0,0,0,0,0,0,0,0
1,5-11,2020-07,2666,2666,2666,2666,2666,2666,2666,2666,2666,2666,2666,2666,2666,0,0,0,0,0,0,0,0,0,0,0,0
1,5-11,2020-08,2666,2666,2666,2666,2666,2666,2666,2666,2666,2666,2666,2666,2666,0,0,0,0,0,0,0,0,0,0,0,0
1,5-11,2020-09,2563,2563,2563,2563,2563,2563,2563,2563,2563,2563,2563,2563,2563,0,0,0,0,0,0,0,0,0,0,0,0
1,5-11,2020-10,2604,2604,2604,2604,2604,2604,2604,2604,2604,2604,2604,2604,2604,0,0,0,0,0,0,0,0,0,0,0,0
1,5-11,2020-11,2430,2430,2430,2430,2430,2430,2430,2430,2430,2430,2430,2430,2430,0,0,0,0,0,0,0,0,0,0,0,0
1,5-11,2020-12,2469,2469,2469,2469,2469,2469,2469,2469,2469,2469,2469,2469,2469,0,0,0,0,0,0,0,0,0,0,0,0
1,5-11,2021-01,2418,2418,2418,2418,2418,2418,2418,2418,2418,2418,2418,2418,2418,0,0,0,0,0,0,0,0,0,0,0,0
1,5-11,2021-02,2184,2184,2184,2184,2184,2184,2184,2184,2184,2184,2184,2184,2184,0,0,0,0,0,0,0,0,0,0,0,0
1,5-11,2021-03,2418,2418,2418,2418,2418,2418,2418,2418,2418,2418,2418,2418,2418,0,0,0,0,0,0,0,0,0,0,0,0
1,5-11,2021-04,2340,2340,2340,2340,2340,2340,2340,2340,2340,2340,2340,2340,2340,0,0,0,0,0,0,0,0,0,0,0,0
1,5-11,2021-05,2418,2418,2418,2418,2418,2418,2418,2418,2418,2418,2418,2418,2418,0,0,0,0,0,0,0,0,0,0,0,0
1,5-11,2021-06,2316,2316,2316,2316,2316,2316,2316,2316,2316,2316,2316,2316,2316,0,0,0,0,0,0,0,0,0,0,0,0
0,12-17,2020-01,1971,1971,1971,1971,1971,1971,1971,1971,1971,1971,1971,1971,1971,0,0,0,0,0,0,0,0,0,0,0,0
0,12-17,2020-02,1827,1827,1827,1827,1827,1827,1827,1827,1827,1827,1827,1827,1827,0,0,0,0,0,0,0,0,0,0,0,0
0,12-17,2020-03,1953,1953,1953,1953,1953,1953,1953,1953,1953,1953,1953,1953,1953,0,0,0,0,0,0,0,0,0,0,0,0
0,12-17,2020-04,1890,1890,1890,1890,1890,1890,1890,1890,1890,1890,1890,1890,1890,0,0,0,0,0,0,0,0,0,0,0,0
0,12-17,2020-05,1953,1953,1953,1953,1953,1953,1953,1953,1953,1953,1953,1953,1953,0,0,0,0,0,0,0,0,0,0,0,0
0,12-17,2020-06,1872,1872,1872,1872,1872,1872,1872,1872,1872,1872,1872,1872,1872,0,0,0,0,0,0,0,0,0,0,0,0
0,12-17,2020-07,1917,1917,1917,1917,1917,1917,1917,1917,1917,1917,1917,1917,1917,0,0,0,0,0,0,0,0,0,0,0,0
0,12-17,2020-08,1819,1819,1819,1819,1819,1819,1819,1819,1819,1819,1819,1819,1819,0,0,0,0,0,0,0,0,0,0,0,0
0,12-17,2020-09,1740,1740,1740,1740,1740,1740,1740,1740,1740,1740,1740,1740,1740,0,0,0,0,0,0,0,0,0,0,0,0
0,12-17,2020-10,1797,1797,1797,1797,1797,1797,1797,1797,1797,1797,1797,1797,1797,0,0,0,0,0,0,0,0,0,0,0,0
0,12-17,2020-11,1667,1667,1667,1667,1667,1667,1667,1667,1667,1667,1667,1667,1667,0,0,0,0,0,0,0,0,0,0,0,0
0,12-17,2020-12,1674,1674,1674,1674,1674,1674,1674,1674,1674,1674,1674,1674,1674,0,0,0,0,0,0,0,0,0,0,0,0
0,12-17,2021-01,1621,1621,1621,1621,1621,1621,1621,1621,1621,1621,1621,1621,1621,0,0,0,0,0,0,0,0,0,0,0,0
0,12-17,2021-02,1399,1399,1399,1399,1399,1399,1399,1399,1399,1399,1399,1399,1399,0,0,0,0,0,0,0,0,0,0,0,0
0,12-17,2021-03,1494,1494,1494,1494,1494,1494,1494,1494,1494,1494,1494,1494,1494,0,0,0,0,0,0,0,0,0,0,0,0
0,12-17,2021-04,1383,1383,1383,1383,1383,1383,1383,1383,1383,1383,1383,1383,1383,0,0,0,0,0,0,0,0,0,0,0,0
0,12-17,2021-05,1375,1375,1375,1375,1375,1375,1375,1375,1375,1375,1375,1375,1375,0,0,0,0,0,0,0,0,0,0,0,0
0,12-17,2021-06,1191,1191,1191,1191,1191,1191,1191,1191,1191,1191,1191,1191,1191,0,0,0,0,0,0,0,0,0,0,0,0
1,12-17,2020-01,2502,2502,2502,2502,2502,2502,2502,2502,2502,2502,2502,2502,2502,0,0,0,0,0,0,0,0,0,0,0,0
1,12-17,2020-02,2320,2320,2320,2320,2320,2320,2320,2320,2320,2320,2320,2320,2320,0,0,0,0,0,0,0,0,0,0,0,0
1,12-17,2020-03,2425,2425,2425,2425,2425,2425,2425,2425,2425,2425,2425,2425,2425,0,0,0,0,0,0,0,0,0,0,0,0
1,12-17,2020-04,2304,2304,2304,2304,2304,2304,2304,2304,2304,2304,2304,2304,2304,0,0,0,0,0,0,0,0,0,0,0,0
1,12-17,2020-05,2355,2355,2355,2355,2355,2355,2355,2355,2355,2355,2355,2355,2355,0,0,0,0,0,0,0,0,0,0,0,0
1,12-17,2020-06,2234,2234,2234,2234,2234,2234,2234,2234,2234,2234,2234,2234,2234,0,0,0,0,0,0,0,0,0,0,0,0
1,12-17,2020-07,2276,2276,2276,2276,2276,2276,2276,2276,2276,2276,2276,2276,2276,0,0,0,0,0,0,0,0,0,0,0,0
1,12-17,2020-08,2225,2225,2225,2225,2225,2225,2225,2225,2225,2225,2225,2225,2225,0,0,0,0,0,0,0,0,0,0,0,0
1,12-17,2020-09,2073,2073,2073,2073,2073,2073,2073,2073,2073,2073,2073,2073,2073,0,0,0,0,0,0,0,0,0,0,0,0
1,12-17,2020-10,2084,2084,2084,2084,2084,2084,2084,2084,2084,2084,2084,2084,2084,0,0,0,0,0,0,0,0,0,0,0,0
1,12-17,2020-11,2010,2010,2010,2010,2010,2010,2010,2010,2010,2010,2010,2010,2010,0,0,0,0,0,0,0,0,0,0,0,0
1,12-17,2020-12,2042,2042,2042,2042,2042,2042,2042,2042,2042,2042,2042,2042,2042,0,0,0,0,0,0,0,0,0,0,0,0
1,12-17,2021-01,1985,1985,1985,1985,1985,1985,1985,1985,1985,1985,1985,1985,1985,0,0,0,0,0,0,0,0,0,0,0,0
1,12-17,2021-02,1746,1746,1746,1746,1746,1746,1746,1746,1746,1746,1746,1746,1746,0,0,0,0,0,0,0,0,0,0,0,0
1,12-17,2021-03,1874,1874,1874,1874,1874,1874,1874,1874,1874,1874,1874,1874,1874,0,0,0,0,0,0,0,0,0,0,0,0
1,12-17,2021-04,1780,1780,1780,1780,1780,1780,1780,1780,1780,1780,1780,1780,1780,0,0,0,0,0,0,0,0,0,0,0,0
1,12-17,2021-05,1798,1798,1798,1798,1798,1798,1798,1798,1798,1798,1798,1798,1798,0,0,0,0,0,0,0,0,0,0,0,0
1,12-17,2021-06,1616,1616,1616,1616,1616,1616,1616,1616,1616,1616,1616,1616,1616,0,0,0,0,0,0,0,0,0,0,0,0
0,18-24,2020-01,2015,2015,2015,2015,2015,2015,2015,2015,2015,2015,2015,2015,2015,0,0,0,0,0,0,0,0,0,0,0,0
0,18-24,2020-02,1862,1862,1862,1862,1862,1862,1862,1862,1862,1862,1862,1862,1862,0,0,0,0,0,0,0,0,0,0,0,0
0,18-24,2020-03,1971,1971,1971,1971,1971,1971,1971,1971,1971,1971,1971,1971,1971,0,0,0,0,0,0,0,0,0,0,0,0
0,18-24,2020-04,1872,1872,1872,1872,1872,1872,1872,1872,1872,1872,1872,1872,1872,0,0,0,0,0,0,0,0,0,0,0,0
0,18-24,2020-05,1891,1891,1891,1891,1891,1891,1891,1891,1891,1891,1891,1891,1891,0,0,0,0,0,0,0,0,0,0,0,0
0,18-24,2020-06,1830,1830,1830,1830,1830,1830,1830,1830,1830,1830,1830,1830,1830,0,0,0,0,0,0,0,0,0,0,0,0
0,18-24,2020-07,1891,1891,1891,1891,1891,1891,1891,1891,1891,1891,1891,1891,1891,0,0,0,0,0,0,0,0,0,0,0,0
0,18-24,2020-08,1891,1891,1891,1891,1891,1891,1891,1891,1891,1891,1891,1891,1891,0,0,0,0,0,0,0,0,0,0,0,0
0,18-24,2020-09,1826,1826,1826,1826,1826,1826,1826,1826,1826,1826,1826,1826,1826,0,0,0,0,0,0,0,0,0,0,0,0
0,18-24,2020-10,1860,1860,1860,1860,1860,1860,1860,1860,1860,1860,1860,1860,1860,0,0,0,0,0,0,0,0,0,0,0,0
0,18-24,2020-11,1787,1787,1787,1787,1787,1787,1787,1787,1787,1787,1787,1787,1787,0,0,0,0,0,0,0,0,0,0,0,0
0,18-24,2020-12,1802,1802,1802,1802,1802,1802,1802,1802,1802,1802,1802,1802,1802,0,0,0,0,0,0,0,0,0,0,0,0
0,18-24,2021-01,1692,1692,1692,1692,1692,1692,1692,1692,1692,1692,1692,1692,1692,0,0,0,0,0,0,0,0,0,0,0,0
0,18-24,2021-02,1462,1462,1462,1462,1462,1462,1462,1462,1462,1462,1462,1462,1462,0,0,0,0,0,0,0,0,0,0,0,0
0,18-24,2021-03,1567,1567,1567,1567,1567,1567,1567,1567,1567,1567,1567,1567,1567,0,0,0,0,0,0,0,0,0,0,0,0
0,18-24,2021-04,1457,1457,1457,1457,1457,1457,1457,1457,1457,1457,1457,1457,1457,0,0,0,0,0,0,0,0,0,0,0,0
0,18-24,2021-05,1413,1413,1413,1413,1413,1413,1413,1413,1413,1413,1413,1413,1413,0,0,0,0,0,0,0,0,0,0,0,0
0,18-24,2021-06,1197,1197,1197,1197,1197,1197,1197,1197,1197,1197,1197,1197,1197,0,0,0,0,0,0,0,0,0,0,0,0
1,18-24,2020-01,2321,2321,2321,2321,2321,2321,2321,2321,2321,2321,2321,2321,2321,0,0,0,0,0,0,0,0,0,0,0,0
1,18-24,2020-02,2146,2146,2146,2146,2146,2146,2146,2146,2146,2146,2146,2146,2146,0,0,0,0,0,0,0,0,0,0,0,0
1,18-24,2020-03,2294,2294,2294,2294,2294,2294,2294,2294,2294,2294,2294,2294,2294,0,0,0,0,0,0,0,0,0,0,0,0
1,18-24,2020-04,2203,2203,2203,2203,2203,2203,2203,2203,2203,2203,2203,2203,2203,0,0,0,0,0,0,0,0,0,0,0,0
1,18-24,2020-05,2232,2232,2232,2232,2232,2232,2232,2232,2232,2232,2232,2232,2232,0,0,0,0,0,0,0,0,0,0,0,0
1,18-24,2020-06,2129,2129,2129,2129,2129,2129,2129,2129,2129,2129,2129,2129,2129,0,0,0,0,0,0,0,0,0,0,0,0
1,18-24,2020-07,2156,2156,2156,2156,2156,2156,2156,2156,2156,2156,2156,2156,2156,0,0,0,0,0,0,0,0,0,0,0,0
1,18-24,2020-08,2139,2139,2139,2139,2139,2139,2139,2139,2139,2139,2139,2139,2139,0,0,0,0,0,0,0,0,0,0,0,0
1,18-24,2020-09,2070,2070,2070,2070,2070,2070,2070,2070,2070,2070,2070,2070,2070,0,0,0,0,0,0,0,0,0,0,0,0
1,18-24,2020-10,2117,2117,2117,2117,2117,2117,2117,2117,2117,2117,2117,2117,2117,0,0,0,0,0,0,0,0,0,0,0,0
1,18-24,2020-11,2010,2010,2010,2010,2010,2010,2010,2010,2010,2010,2010,2010,2010,0,0,0,0,0,0,0,0,0,0,0,0
1,18-24,2020-12,2052,2052,2052,2052,2052,2052,2052,2052,2052,2052,2052,2052,2052,0,0,0,0,0,0,0,0,0,0,0,0
1,18-24,2021-01,1949,1949,1949,1949,1949,1949,1949,1949,1949,1949,1949,1949,1949,0,0,0,0,0,0,0,0,0,0,0,0
1,18-24,2021-02,1652,1652,1652,1652,1652,1652,1652,1652,1652,1652,1652,1652,1652,0,0,0,0,0,0,0,0,0,0,0,0
1,18-24,2021-03,1798,1798,1798,1798,1798,1798,1798,1798,1798,1798,1798,1798,1798,0,0,0,0,0,0,0,0,0,0,0,0
1,18-24,2021-04,1740,1740,1740,1740,1740,1740,1740,1740,1740,1740,1740,1740,1740,0,0,0,0,0,0,0,0,0,0,0,0
1,18-24,2021-05,1747,1747,1747,1747,1747,1747,1747,1747,1747,1747,1747,1747,1747,0,0,0,0,0,0,0,0,0,0,0,0
1,18-24,2021-06,1490,1490,1490,1490,1490,1490,1490,1490,1490,1490,1490,1490,1490,0,0,0,0,0,0,0,0,0,0,0,0
1,25-29,2020-01,1798,1798,1798,1798,1798,1798,1798,1798,1798,1798,1798,1798,1798,0,0,0,0,0,0,0,0,0,0,0,0
1,25-29,2020-02,1682,1682,1682,1682,1682,1682,1682,1682,1682,1682,1682,1682,1682,0,0,0,0,0,0,0,0,0,0,0,0
1,25-29,2020-03,1798,1798,1798,1798,1798,1798,1798,1798,1798,1798,1798,1798,1798,0,0,0,0,0,0,0,0,0,0,0,0
1,25-29,2020-04,1740,1740,1740,1740,1740,1740,1740,1740,1740,1740,1740,1740,1740,0,0,0,0,0,0,0,0,0,0,0,0
1,25-29,2020-05,1798,1798,1798,1798,1798,1798,1798,1798,1798,1798,1798,1798,1798,0,0,0,0,0,0,0,0,0,0,0,0
1,25-29,2020-06,1740,1740,1740,1740,1740,1740,1740,1740,1740,1740,1740,1740,1740,0,0,0,0,0,0,0,0,0,0,0,0
1,25-29,2020-07,1778,1778,1778,1778,1778,1778,1778,1778,1778,1778,1778,1778,1778,0,0,0,0,0,0,0,0,0,0,0,0
1,25-29,2020-08,1737,1737,1737,1737,1737,1737,1737,1737,1737,1737,1737,1737,1737,0,0,0,0,0,0,0,0,0,0,0,0
1,25-29,2020-09,1650,1650,1650,1650,1650,1650,1650,1650,1650,1650,1650,1650,1650,0,0,0,0,0,0,0,0,0,0,0,0
1,25-29,2020-10,1705,1705,1705,1705,1705,1705,1705,1705,1705,1705,1705,1705,1705,0,0,0,0,0,0,0,0,0,0,0,0
1,25-29,2020-11,1615,1615,1615,1615,1615,1615,1615,1615,1615,1615,1615,1615,1615,0,0,0,0,0,0,0,0,0,0,0,0
1,25-29,2020-12,1626,1626,1626,1626,1626,1626,1626,1626,1626,1626,1626,1626,1626,0,0,0,0,0,0,0,0,0,0,0,0
1,25-29,2021-01,1556,1556,1556,1556,1556,1556,1556,1556,1556,1556,1556,1556,1556,0,0,0,0,0,0,0,0,0,0,0,0
1,25-29,2021-02,1366,1366,1366,1366,1366,1366,1366,1366,1366,1366,1366,1366,1366,0,0,0,0,0,0,0,0,0,0,0,0
1,25-29,2021-03,1457,1457,1457,1457,1457,1457,1457,1457,1457,1457,1457,1457,1457,0,0,0,0,0,0,0,0,0,0,0,0
1,25-29,2021-04,1410,1410,1410,1410,1410,1410,1410,1410,1410,1410,1410,1410,1410,0,0,0,0,0,0,0,0,0,0,0,0
1,25-29,2021-05,1448,1448,1448,1448,1448,1448,1448,1448,1448,1448,1448,1448,1448,0,0,0,0,0,0,0,0,0,0,0,0
1,25-29,2021-06,1274,1274,1274,1274,1274,1274,1274,1274,1274,1274,1274,1274,1274,0,0,0,0,0,0,0,0,0,0,0,0
0,25-29,2020-01,2257,2257,2257,2257,2257,2257,2257,2257,2257,2257,2257,2257,2257,0,0,0,0,0,0,0,0,0,0,0,0
0,25-29,2020-02,2088,2088,2088,2088,2088,2088,2088,2088,2088,2088,2088,2088,2088,0,0,0,0,0,0,0,0,0,0,0,0
0,25-29,2020-03,2204,2204,2204,2204,2204,2204,2204,2204,2204,2204,2204,2204,2204,0,0,0,0,0,0,0,0,0,0,0,0
0,25-29,2020-04,2130,2130,2130,2130,2130,2130,2130,2130,2130,2130,2130,2130,2130,0,0,0,0,0,0,0,0,0,0,0,0
0,25-29,2020-05,2178,2178,2178,2178,2178,2178,2178,2178,2178,2178,2178,2178,2178,0,0,0,0,0,0,0,0,0,0,0,0
0,25-29,2020-06,2069,2069,2069,2069,2069,2069,2069,2069,2069,2069,2069,2069,2069,0,0,0,0,0,0,0,0,0,0,0,0
0,25-29,2020-07,2108,2108,2108,2108,2108,2108,2108,2108,2108,2108,2108,2108,2108,0,0,0,0,0,0,0,0,0,0,0,0
0,25-29,2020-08,2094,2094,2094,2094,2094,2094,2094,2094,2094,2094,2094,2094,2094,0,0,0,0,0,0,0,0,0,0,0,0
0,25-29,2020-09,2006,2006,2006,2006,2006,2006,2006,2006,2006,2006,2006,2006,2006,0,0,0,0,0,0,0,0,0,0,0,0
0,25-29,2020-10,2046,2046,2046,2046,2046,2046,2046,2046,2046,2046,2046,2046,2046,0,0,0,0,0,0,0,0,0,0,0,0
0,25-29,2020-11,1980,1980,1980,1980,1980,1980,1980,1980,1980,1980,1980,1980,1980,0,0,0,0,0,0,0,0,0,0,0,0
0,25-29,2020-12,2046,2046,2046,2046,2046,2046,2046,2046,2046,2046,2046,2046,2046,0,0,0,0,0,0,0,0,0,0,0,0
0,25-29,2021-01,2046,2046,2046,2046,2046,2046,2046,2046,2046,2046,2046,2046,2046,0,0,0,0,0,0,0,0,0,0,0,0
0,25-29,2021-02,1800,1800,1800,1800,1800,1800,1800,1800,1800,1800,1800,1800,1800,0,0,0,0,0,0,0,0,0,0,0,0
0,25-29,2021-03,1911,1911,1911,1911,1911,1911,1911,1911,1911,1911,1911,1911,1911,0,0,0,0,0,0,0,0,0,0,0,0
0,25-29,2021-04,1810,1810,1810,1810,1810,1810,1810,1810,1810,1810,1810,1810,1810,0,0,0,0,0,0,0,0,0,0,0,0
0,25-29,2021-05,1784,1784,1784,1784,1784,1784,1784,1784,1784,1784,1784,1784,1784,0,0,0,0,0,0,0,0,0,0,0,0
0,25-29,2021-06,1582,1582,1582,1582,1582,1582,1582,1582,1582,1582,1582,1582,1582,0,0,0,0,0,0,0,0,0,0,0,0
1,30-39,2020-01,3524,3524,3524,3524,3524,3524,3524,3524,3524,3524,3524,3524,3524,0,0,0,0,0,0,0,0,0,0,0,0
1,30-39,2020-02,3251,3251,3251,3251,3251,3251,3251,3251,3251,3251,3251,3251,3251,0,0,0,0,0,0,0,0,0,0,0,0
1,30-39,2020-03,3472,3472,3472,3472,3472,3472,3472,3472,3472,3472,3472,3472,3472,0,0,0,0,0,0,0,0,0,0,0,0
1,30-39,2020-04,3360,3360,3360,3360,3360,3360,3360,3360,3360,3360,3360,3360,3360,0,0,0,0,0,0,0,0,0,0,0,0
1,30-39,2020-05,3472,3472,3472,3472,3472,3472,3472,3472,3472,3472,3472,3472,3472,0,0,0,0,0,0,0,0,0,0,0,0
1,30-39,2020-06,3360,3360,3360,3360,3360,3360,3360,3346,3360,3360,3360,3346,3360,0,0,0,0,0,0,1,0,0,0,1,0
1,30-39,2020-07,3454,3454,3454,3454,3454,3454,3454,3423,3454,3454,3454,3423,3454,0,0,0,0,0,0,0,0,0,0,0,0
1,30-39,2020-08,3363,3363,3363,3363,3363,3363,3363,3332,3363,3363,3363,3332,3363,0,0,0,0,0,0,0,0,0,0,0,0
1,30-39,2020-09,3237,3237,3237,3237,3237,3237,3237,3207,3237,3237,3237,3207,3237,0,0,0,0,0,0,0,0,0,0,0,0
1,30-39,2020-10,3307,3307,3307,3307,3307,3307,3307,3276,3307,3307,3307,3276,3307,0,0,0,0,0,0,0,0,0,0,0,0
1,30-39,2020-11,3171,3171,3171,3171,3171,3171,3171,3141,3171,3171,3171,3141,3171,0,0,0,0,0,0,0,0,0,0,0,0
1,30-39,2020-12,3216,3216,3216,3216,3216,3216,3216,3185,3216,3216,3216,3185,3216,0,0,0,0,0,0,0,0,0,0,0,0
1,30-39,2021-01,3084,3084,3084,3084,3084,3084,3084,3053,3084,3084,3084,3053,3084,0,0,0,0,0,0,0,0,0,0,0,0
1,30-39,2021-02,2694,2694,2694,2694,2694,2694,2694,2666,2694,2694,2694,2666,2694,0,0,0,0,0,0,0,0,0,0,0,0
1,30-39,2021-03,2933,2933,2933,2933,2933,2933,2933,2902,2933,2933,2933,2902,2933,0,0,0,0,0,0,0,0,0,0,0,0
1,30-39,2021-04,2791,2791,2791,2791,2791,2791,2791,2761,2791,2791,2791,2761,2791,0,0,0,0,0,0,0,0,0,0,0,0
1,30-39,2021-05,2701,2701,2701,2701,2701,2701,2701,2670,2701,2701,2701,2670,2701,0,0,0,0,0,0,0,0,0,0,0,0
1,30-39,2021-06,2224,2224,2224,2224,2224,2224,2224,2211,2224,2224,2224,2211,2224,0,0,0,0,0,0,0,0,0,0,0,0
0,30-39,2020-01,4310,4310,4310,4310,4310,4310,4310,4310,4310,4310,4310,4310,4310,0,0,0,0,0,0,0,0,0,0,0,0
0,30-39,2020-02,4016,4016,4016,4016,4016,4016,4016,4016,4016,4016,4016,4016,4016,0,0,0,0,0,0,0,0,0,0,0,0
0,30-39,2020-03,4249,4249,4249,4249,4249,4249,4249,4249,4249,4249,4249,4249,4249,0,0,0,0,0,0,0,0,0,0,0,0
0,30-39,2020-04,4037,4037,4037,4037,4037,4037,4037,4037,4037,4037,4037,4037,4037,0,0,0,0,0,0,0,0,0,0,0,0
0,30-39,2020-05,4131,4131,4131,4131,4131,4131,4131,4131,4131,4131,4131,4131,4131,0,0,0,0,0,0,0,0,0,0,0,0
0,30-39,2020-06,3990,3990,3990,3990,3990,3990,3990,3990,3990,3990,3990,3990,3990,0,0,0,0,0,0,0,0,0,0,0,0
0,30-39,2020-07,4118,4118,4118,4118,4118,4118,4118,4118,4118,4118,4118,4118,4118,0,0,0,0,0,0,0,0,0,0,0,0
0,30-39,2020-08,4092,4092,4092,4092,4092,4092,4092,4092,4092,4092,4092,4092,4092,0,0,0,0,0,0,0,0,0,0,0,0
0,30-39,2020-09,3960,3960,3960,3960,3960,3960,3960,3960,3960,3960,3960,3960,3960,0,0,0,0,0,0,0,0,0,0,0,0
0,30-39,2020-10,4092,4092,4092,4092,4092,4092,4092,4092,4092,4092,4092,4092,4092,0,0,0,0,0,0,0,0,0,0,0,0
0,30-39,2020-11,3943,3943,3943,3943,3943,3943,3943,3943,3943,3943,3943,3943,3943,0,0,0,0,0,0,0,0,0,0,0,0
0,30-39,2020-12,3967,3967,3967,3967,3967,3967,3967,3967,3967,3967,3967,3967,3967,0,0,0,0,0,0,0,0,0,0,0,0
0,30-39,2021-01,3764,3764,3764,3764,3764,3764,3764,3764,3764,3764,3764,3764,3764,0,0,0,0,0,0,0,0,0,0,0,0
0,30-39,2021-02,3288,3288,3288,3288,3288,3288,3288,3288,3288,3288,3288,3288,3288,0,0,0,0,0,0,0,0,0,0,0,0
0,30-39,2021-03,3427,3427,3427,3427,3427,3427,3427,3427,3427,3427,3427,3427,3427,0,0,0,0,0,0,0,0,0,0,0,0
0,30-39,2021-04,3170,3170,3170,3170,3170,3170,3170,3170,3170,3170,3170,3170,3170,0,0,0,0,0,0,0,0,0,0,0,0
0,30-39,2021-05,3144,3144,3144,3144,3144,3144,3144,3144,3144,3144,3144,3144,3144,0,0,0,0,0,0,0,0,0,0,0,0
0,30-39,2021-06,2495,2495,2495,2495,2495,2495,2495,2495,2495,2495,2495,2495,2495,0,0,0,0,0,0,0,0,0,0,0,0
0,40-49,2020-01,5936,5936,5936,5936,5936,5936,5936,5936,5936,5936,5936,5936,5936,0,0,0,0,0,0,0,0,0,0,0,0
0,40-49,2020-02,5539,5539,5539,5539,5539,5539,5539,5539,5539,5539,5539,5539,5539,0,0,0,0,0,0,0,0,0,0,0,0
0,40-49,2020-03,5911,5911,5911,5911,5911,5911,5911,5911,5911,5911,5911,5911,5911,0,0,0,0,0,0,0,0,0,0,0,0
0,40-49,2020-04,5690,5690,5690,5690,5690,5690,5690,5690,5690,5690,5690,5690,5690,0,0,0,0,0,0,0,0,0,0,0,0
0,40-49,2020-05,5829,5829,5829,5829,5829,5829,5829,5829,5829,5829,5829,5829,5829,0,0,0,0,0,0,0,0,0,0,0,0
0,40-49,2020-06,5550,5550,5550,5550,5550,5550,5550,5550,5550,5550,5550,5550,5550,0,0,0,0,0,0,0,0,0,0,0,0
0,40-49,2020-07,5735,5735,5735,5735,5735,5735,5735,5735,5735,5735,5735,5735,5735,0,0,0,0,0,0,0,0,0,0,0,0
0,40-49,2020-08,5730,5730,5730,5730,5730,5730,5730,5730,5730,5730,5730,5730,5730,0,0,0,0,0,0,0,0,0,0,0,0
0,40-49,2020-09,5502,5502,5502,5502,5502,5502,5502,5502,5502,5502,5502,5502,5502,0,0,0,0,0,0,0,0,0,0,0,0
0,40-49,2020-10,5673,5673,5673,5673,5673,5673,5673,5673,5673,5673,5673,5673,5673,0,0,0,0,0,0,0,0,0,0,0,0
0,40-49,2020-11,5405,5405,5405,5405,5405,5405,5405,5405,5405,5405,5405,5405,5405,0,0,0,0,0,0,0,0,0,0,0,0
0,40-49,2020-12,5461,5461,5461,5461,5461,5461,5461,5461,5461,5461,5461,5461,5461,0,0,0,0,0,0,0,0,0,0,0,0
0,40-49,2021-01,5231,5231,5231,5231,5231,5231,5231,5231,5231,5231,5231,5231,5231,0,0,0,0,0,0,0,0,0,0,0,0
1,40-49,2020-01,5718,5718,5718,5718,5718,5718,5718,5687,5718,5718,5718,5687,5718,0,0,0,0,0,0,0,0,0,0,0,0
1,40-49,2020-02,5313,5313,5313,5313,5313,5313,5313,5284,5313,5313,5313,5284,5313,0,0,0,0,0,0,0,0,0,0,0,0
1,40-49,2020-03,5631,5631,5631,5631,5631,5631,5631,5600,5631,5631,5631,5600,5631,0,0,0,0,0,0,0,0,0,0,0,0
1,40-49,2020-04,5425,5425,5425,5425,5425,5425,5425,5395,5425,5425,5425,5395,5425,0,0,0,0,0,0,0,0,0,0,0,0
1,40-49,2020-05,5549,5549,5549,5549,5549,5549,5549,5518,5549,5549,5549,5518,5549,0,0,0,0,0,0,0,0,0,0,0,0
1,40-49,2020-06,5340,5340,5340,5340,5340,5340,5340,5310,5340,5340,5340,5310,5340,0,0,0,0,0,0,0,0,0,0,0,0
1,40-49,2020-07,5485,5485,5485,5485,5485,5485,5485,5454,5485,5485,5485,5454,5485,0,0,0,0,0,0,0,0,0,0,0,0
1,40-49,2020-08,5367,5367,5367,5367,5367,5367,5367,5336,5367,5367,5367,5336,5367,0,0,0,0,0,0,0,0,0,0,0,0
1,40-49,2020-09,5127,5127,5127,5127,5127,5127,5127,5097,5127,5127,5127,5097,5127,0,0,0,0,0,0,0,0,0,0,0,0
1,40-49,2020-10,5236,5236,5236,5236,5236,5236,5236,5205,5236,5236,5236,5205,5236,0,0,0,0,0,0,0,0,0,0,0,0
1,40-49,2020-11,4978,4978,4978,4978,4978,4978,4978,4948,4978,4978,4978,4948,4978,0,0,0,0,0,0,0,0,0,0,0,0
1,40-49,2020-12,5021,5021,5021,5021,5021,5021,5021,4990,5021,5021,5021,4990,5021,0,0,0,0,0,0,0,0,0,0,0,0
1,40-49,2021-01,4887,4887,4887,4887,4887,4887,4887,4856,4887,4887,4887,4856,4887,0,0,0,0,0,0,0,0,0,0,0,0
1,40-49,2021-02,4269,4269,4269,4269,4269,4269,4269,4241,4269,4269,4269,4241,4269,0,0,0,0,0,0,0,0,0,0,0,0
1,40-49,2021-03,4376,4376,4376,4376,4376,4376,4376,4345,4376,4376,4376,4345,4376,0,0,0,0,0,0,0,0,0,0,0,0
1,40-49,2021-04,4110,4110,4110,4110,4110,4110,4110,4080,4110,4110,4110,4080,4110,0,0,0,0,0,0,0,0,0,0,0,0
1,40-49,2021-05,4003,4003,4003,4003,4003,4003,4003,3952,4003,4003,4003,3952,4003,0,0,0,0,0,0,1,0,0,0,1,0
1,40-49,2021-06,2890,2890,2890,2890,2890,2890,2890,2860,2890,2890,2890,2860,2890,0,0,0,0,0,0,0,0,0,0,0,0
0,40-49,2021-02,4425,4425,4425,4425,4425,4425,4425,4425,4425,4425,4425,4425,4425,0,0,0,0,0,0,0,0,0,0,0,0
0,40-49,2021-03,4544,4544,4544,4544,4544,4544,4544,4544,4544,4544,4544,4544,4544,0,0,0,0,0,0,0,0,0,0,0,0
0,40-49,2021-04,4244,4244,4244,4244,4244,4244,4244,4244,4244,4244,4244,4244,4244,0,0,0,0,0,0,0,0,0,0,0,0
0,40-49,2021-05,4182,4182,4182,4182,4182,4182,4182,4182,4182,4182,4182,4182,4182,0,0,0,0,0,0,0,0,0,0,0,0
0,40-49,2021-06,3165,3165,3165,3165,3165,3165,3165,3165,3165,3165,3165,3165,3165,0,0,0,0,0,0,0,0,0,0,0,0
0,50-59,2020-01,6758,6758,6758,6758,6758,6758,6758,6758,6758,6758,6758,6758,6758,0,0,0,0,0,0,0,0,0,0,0,0
0,50-59,2020-02,6302,6302,6302,6302,6302,6302,6302,6302,6302,6302,6302,6302,6302,0,0,0,0,0,0,0,0,0,0,0,0
0,50-59,2020-03,6705,6705,6705,6705,6705,6705,6705,6705,6705,6705,6705,6705,6705,0,0,0,0,0,0,0,0,0,0,0,0
0,50-59,2020-04,6480,6480,6480,6480,6480,6480,6480,6480,6480,6480,6480,6480,6480,0,0,0,0,0,0,0,0,0,0,0,0
0,50-59,2020-05,6656,6656,6656,6656,6656,6656,6656,6656,6656,6656,6656,6656,6656,0,0,0,0,0,0,0,0,0,0,0,0
0,50-59,2020-06,6360,6360,6360,6360,6360,6360,6360,6360,6360,6360,6360,6360,6360,0,0,0,0,0,0,0,0,0,0,0,0
0,50-59,2020-07,6485,6485,6485,6485,6485,6485,6485,6485,6485,6485,6485,6485,6485,0,0,0,0,0,0,0,0,0,0,0,0
0,50-59,2020-08,6429,6429,6429,6429,6429,6429,6429,6429,6429,6429,6429,6429,6429,0,0,0,0,0,0,0,0,0,0,0,0
0,50-59,2020-09,6175,6175,6175,6175,6175,6175,6175,6175,6175,6175,6175,6175,6175,0,0,0,0,0,0,0,0,0,0,0,0
0,50-59,2020-10,6232,6232,6232,6232,6232,6232,6232,6232,6232,6232,6232,6232,6232,0,0,0,0,0,0,0,0,0,0,0,0
0,50-59,2020-11,5974,5974,5974,5974,5974,5974,5974,5974,5974,5974,5974,5974,5974,0,0,0,0,0,0,0,0,0,0,0,0
0,50-59,2020-12,6071,6071,6071,6071,6071,6071,6071,6071,6071,6071,6071,6071,6071,0,0,0,0,0,0,0,0,0,0,0,0
0,50-59,2021-01,5766,5766,5766,5766,5766,5766,5766,5766,5766,5766,5766,5766,5766,0,0,0,0,0,0,0,0,0,0,0,0
0,50-59,2021-02,4825,4825,4825,4825,4825,4825,4825,4825,4825,4825,4825,4825,4825,0,0,0,0,0,0,0,0,0,0,0,0
0,50-59,2021-03,4953,4953,4953,4953,4953,4953,4953,4953,4953,4953,4953,4953,4953,0,0,0,0,0,0,0,0,0,0,0,0
0,50-59,2021-04,4636,4636,4636,4636,4636,4636,4636,4636,4636,4636,4636,4636,4636,0,0,0,0,0,0,0,0,0,0,0,0
0,50-59,2021-05,4157,4157,4157,4157,4157,4157,4157,4157,4157,4157,4157,4157,4157,0,0,0,0,0,0,0,0,0,0,0,0
1,50-59,2020-01,6179,6179,6179,6179,6179,6179,6179,6148,6179,6179,6179,6148,6179,0,0,0,0,0,0,0,0,0,0,0,0
1,50-59,2020-02,5760,5760,5760,5760,5760,5760,5760,5731,5760,5760,5760,5731,5760,0,0,0,0,0,0,0,0,0,0,0,0
1,50-59,2020-03,6111,6111,6111,6111,6111,6111,6111,6080,6111,6111,6111,6080,6111,0,0,0,0,0,0,0,0,0,0,0,0
1,50-59,2020-04,5910,5910,5910,5910,5910,5910,5910,5880,5910,5910,5910,5880,5910,0,0,0,0,0,0,0,0,0,0,0,0
1,50-59,2020-05,6088,6088,6088,6088,6088,6088,6088,6057,6088,6088,6088,6057,6088,0,0,0,0,0,0,0,0,0,0,0,0
1,50-59,2020-06,5880,5880,5880,5880,5880,5880,5880,5850,5880,5880,5880,5850,5880,0,0,0,0,0,0,0,0,0,0,0,0
1,50-59,2020-07,6076,6076,6076,6076,6076,6076,6076,6045,6076,6076,6076,6045,6076,0,0,0,0,0,0,0,0,0,0,0,0
1,50-59,2020-08,6076,6076,6076,6076,6076,6076,6076,6045,6076,6076,6076,6045,6076,0,0,0,0,0,0,0,0,0,0,0,0
1,50-59,2020-09,5873,5873,5873,5873,5873,5873,5873,5843,5873,5873,5873,5843,5873,0,0,0,0,0,0,0,0,0,0,0,0
1,50-59,2020-10,5996,5996,5996,5996,5996,5996,5996,5965,5996,5996,5996,5965,5996,0,0,0,0,0,0,0,0,0,0,0,0
1,50-59,2020-11,5721,5721,5721,5721,5721,5721,5721,5691,5721,5721,5721,5691,5721,0,0,0,0,0,0,0,0,0,0,0,0
1,50-59,2020-12,5793,5793,5793,5793,5793,5793,5793,5762,5793,5793,5793,5762,5793,0,0,0,0,0,0,0,0,0,0,0,0
1,50-59,2021-01,5715,5715,5715,5715,5715,5715,5715,5684,5715,5715,5715,5684,5715,0,0,0,0,0,0,0,0,0,0,0,0
1,50-59,2021-02,4975,4975,4975,4975,4975,4975,4975,4947,4975,4975,4975,4947,4975,0,0,0,0,0,0,0,0,0,0,0,0
1,50-59,2021-03,5124,5124,5124,5124,5124,5124,5124,5093,5124,5124,5124,5093,5124,0,0,0,0,0,0,0,0,0,0,0,0
1,50-59,2021-04,4772,4772,4772,4772,4772,4772,4772,4742,4772,4772,4772,4742,4772,0,0,0,0,0,0,0,0,0,0,0,0
1,50-59,2021-05,4460,4460,4460,4460,4460,4460,4460,4429,4460,4460,4460,4429,4460,0,0,0,0,0,0,0,0,0,0,0,0
1,50-59,2021-06,2458,2458,2458,2458,2458,2458,2458,2452,2458,2458,2458,2452,2458,0,0,0,0,0,0,0,0,0,0,0,0
0,50-59,2021-06,2067,2067,2067,2067,2067,2067,2067,2067,2067,2067,2067,2067,2067,0,0,0,0,0,0,0,0,0,0,0,0
1,60-69,2020-01,5089,5089,5089,5089,5089,5089,5089,5089,5089,5089,5089,5089,5089,0,0,0,0,0,0,0,0,0,0,0,0
1,60-69,2020-02,4674,4674,4674,4674,4674,4674,4674,4674,4674,4674,4674,4674,4674,0,0,0,0,0,0,0,0,0,0,0,0
1,60-69,2020-03,4929,4929,4929,4929,4929,4929,4929,4929,4929,4929,4929,4929,4929,0,0,0,0,0,0,0,0,0,0,0,0
1,60-69,2020-04,4744,4744,4744,4744,4744,4744,4744,4744,4744,4744,4744,4744,4744,0,0,0,0,0,0,0,0,0,0,0,0
1,60-69,2020-05,4852,4852,4852,4852,4852,4852,4852,4852,4852,4852,4852,4852,4852,0,0,0,0,0,0,0,0,0,0,0,0
1,60-69,2020-06,4651,4651,4651,4651,4651,4651,4651,4651,4651,4651,4651,4651,4651,0,0,0,0,0,0,0,0,0,0,0,0
1,60-69,2020-07,4805,4805,4805,4805,4805,4805,4805,4805,4805,4805,4805,4805,4805,0,0,0,0,0,0,0,0,0,0,0,0
1,60-69,2020-08,4723,4723,4723,4723,4723,4723,4723,4723,4723,4723,4723,4723,4723,0,0,0,0,0,0,0,0,0,0,0,0
1,60-69,2020-09,4519,4519,4519,4519,4519,4519,4519,4519,4519,4519,4519,4519,4519,0,0,0,0,0,0,0,0,0,0,0,0
1,60-69,2020-10,4634,4634,4634,4634,4634,4634,4634,4634,4634,4634,4634,4634,4634,0,0,0,0,0,0,0,0,0,0,0,0
1,60-69,2020-11,4416,4416,4416,4416,4416,4416,4416,4416,4416,4416,4416,4416,4416,0,0,0,0,0,0,0,0,0,0,0,0
1,60-69,2020-12,4481,4481,4481,4481,4481,4481,4481,4481,4481,4481,4481,4481,4481,0,0,0,0,0,0,0,0,0,0,0,0
1,60-69,2021-01,4253,4253,4253,4253,4253,4253,4253,4253,4253,4253,4253,4253,4253,0,0,0,0,0,0,0,0,0,0,0,0
1,60-69,2021-02,3754,3754,3754,3754,3754,3754,3754,3754,3754,3754,3754,3754,3754,0,0,0,0,0,0,0,0,0,0,0,0
1,60-69,2021-03,4037,4037,4037,4037,4037,4037,4037,4037,4037,4037,4037,4037,4037,0,0,0,0,0,0,0,0,0,0,0,0
1,60-69,2021-04,3509,3509,3509,3509,3509,3509,3509,3509,3509,3509,3509,3509,3509,0,0,0,0,0,0,0,0,0,0,0,0
1,60-69,2021-05,2207,2207,2207,2207,2207,2207,2207,2207,2207,2207,2207,2207,2207,0,0,0,0,0,0,0,0,0,0,0,0
0,60-69,2020-01,5890,5890,5890,5890,5890,5890,5890,5890,5890,5890,5890,5890,5890,0,0,0,0,0,0,0,0,0,0,0,0
0,60-69,2020-02,5510,5510,5510,5510,5510,5510,5510,5510,5510,5510,5510,5510,5510,0,0,0,0,0,0,0,0,0,0,0,0
0,60-69,2020-03,5863,5863,5863,5863,5863,5863,5863,5863,5863,5863,5863,5863,5863,0,0,0,0,0,0,0,0,0,0,0,0
0,60-69,2020-04,5660,5660,5660,5660,5660,5660,5660,5660,5660,5660,5660,5660,5660,0,0,0,0,0,0,0,0,0,0,0,0
0,60-69,2020-05,5795,5795,5795,5795,5795,5795,5795,5795,5795,5795,5795,5795,5795,0,0,0,0,0,0,0,0,0,0,0,0
0,60-69,2020-06,5497,5497,5497,5497,5497,5497,5497,5497,5497,5497,5497,5497,5497,0,0,0,0,0,0,0,0,0,0,0,0
0,60-69,2020-07,5673,5673,5673,5673,5673,5673,5673,5673,5673,5673,5673,5673,5673,0,0,0,0,0,0,0,0,0,0,0,0
0,60-69,2020-08,5657,5657,5657,5657,5657,5657,5657,5657,5657,5657,5657,5657,5657,0,0,0,0,0,0,0,0,0,0,0,0
0,60-69,2020-09,5283,5283,5283,5283,5283,5283,5283,5283,5283,5283,5283,5283,5283,0,0,0,0,0,0,0,0,0,0,0,0
0,60-69,2020-10,5425,5425,5425,5425,5425,5425,5425,5425,5425,5425,5425,5425,5425,0,0,0,0,0,0,0,0,0,0,0,0
0,60-69,2020-11,5190,5190,5190,5190,5190,5190,5190,5190,5190,5190,5190,5190,5190,0,0,0,0,0,0,0,0,0,0,0,0
0,60-69,2020-12,5236,5236,5236,5236,5236,5236,5236,5236,5236,5236,5236,5236,5236,0,0,0,0,0,0,0,0,0,0,0,0
0,60-69,2021-01,4978,4978,4978,4978,4978,4978,4978,4978,4978,4978,4978,4978,4978,0,0,0,0,0,0,0,0,0,0,0,0
0,60-69,2021-02,4295,4295,4295,4295,4295,4295,4295,4295,4295,4295,4295,4295,4295,0,0,0,0,0,0,0,0,0,0,0,0
0,60-69,2021-03,4511,4511,4511,4511,4511,4511,4511,4511,4511,4511,4511,4511,4511,0,0,0,0,0,0,0,0,0,0,0,0
0,60-69,2021-04,3856,3856,3856,3856,3856,3856,3856,3856,3856,3856,3856,3856,3856,0,0,0,0,0,0,0,0,0,0,0,0
0,60-69,2021-05,2893,2893,2893,2893,2893,2893,2893,2893,2893,2893,2893,2893,2893,0,0,0,0,0,0,0,0,0,0,0,0
0,60-69,2021-06,1149,1149,1149,1149,1149,1149,1149,1149,1149,1149,1149,1149,1149,0,0,0,0,0,0,0,0,0,0,0,0
1,60-69,2021-06,689,689,689,689,689,689,689,689,689,689,689,689,689,0,0,0,0,0,0,0,0,0,0,0,0
1,70-79,2020-01,3962,3962,3962,3962,3962,3962,3962,3962,3962,3962,3962,3962,3962,0,0,0,0,0,0,0,0,0,0,0,0
1,70-79,2020-02,3664,3664,3664,3664,3664,3664,3664,3664,3664,3664,3664,3664,3664,0,0,0,0,0,0,0,0,0,0,0,0
1,70-79,2020-03,3881,3881,3881,3881,3881,3881,3881,3881,3881,3881,3881,3881,3881,0,0,0,0,0,0,0,0,0,0,0,0
1,70-79,2020-04,3720,3720,3720,3720,3720,3720,3720,3720,3720,3720,3720,3720,3720,0,0,0,0,0,0,0,0,0,0,0,0
1,70-79,2020-05,3813,3813,3813,3813,3813,3813,3813,3813,3813,3813,3813,3813,3813,0,0,0,0,0,0,0,0,0,0,0,0
1,70-79,2020-06,3659,3659,3659,3659,3659,3659,3659,3659,3659,3659,3659,3659,3659,0,0,0,0,0,0,0,0,0,0,0,0
1,70-79,2020-07,3700,3700,3700,3700,3700,3700,3700,3700,3700,3700,3700,3700,3700,0,0,0,0,0,0,0,0,0,0,0,0
1,70-79,2020-08,3661,3661,3661,3661,3661,3661,3661,3661,3661,3661,3661,3661,3661,0,0,0,0,0,0,0,0,0,0,0,0
1,70-79,2020-09,3491,3491,3491,3491,3491,3491,3491,3491,3491,3491,3491,3491,3491,0,0,0,0,0,0,0,0,0,0,0,0
1,70-79,2020-10,3565,3565,3565,3565,3565,3565,3565,3565,3565,3565,3565,3565,3565,0,0,0,0,0,0,0,0,0,0,0,0
1,70-79,2020-11,3450,3450,3450,3450,3450,3450,3450,3450,3450,3450,3450,3450,3450,0,0,0,0,0,0,0,0,0,0,0,0
1,70-79,2020-12,3482,3482,3482,3482,3482,3482,3482,3482,3482,3482,3482,3482,3482,0,0,0,0,0,0,0,0,0,0,0,0
1,70-79,2021-01,3405,3405,3405,3405,3405,3405,3405,3405,3405,3405,3405,3405,3405,0,0,0,0,0,0,0,0,0,0,0,0
1,70-79,2021-02,3039,3039,3039,3039,3039,3039,3039,3039,3039,3039,3039,3039,3039,0,0,0,0,0,0,0,0,0,0,0,0
1,70-79,2021-03,3215,3215,3215,3215,3215,3215,3215,3215,3215,3215,3215,3215,3215,0,0,0,0,0,0,0,0,0,0,0,0
1,70-79,2021-04,1857,1857,1857,1857,1857,1857,1857,1857,1857,1857,1857,1857,1857,0,0,0,0,0,0,0,0,0,0,0,0
0,70-79,2020-01,4419,4419,4419,4419,4419,4419,4419,4419,4419,4419,4419,4419,4419,0,0,0,0,0,0,0,0,0,0,0,0
0,70-79,2020-02,4091,4091,4091,4091,4091,4091,4091,4091,4091,4091,4091,4091,4091,0,0,0,0,0,0,0,0,0,0,0,0
0,70-79,2020-03,4337,4337,4337,4337,4337,4337,4337,4337,4337,4337,4337,4337,4337,0,0,0,0,0,0,0,0,0,0,0,0
0,70-79,2020-04,4107,4107,4107,4107,4107,4107,4107,4107,4107,4107,4107,4107,4107,0,0,0,0,0,0,0,0,0,0,0,0
0,70-79,2020-05,4193,4193,4193,4193,4192,4193,4192,4193,4193,4193,4193,4193,4193,0,0,0,1,0,1,0,0,0,0,0,0
0,70-79,2020-06,4026,4026,4026,4026,4026,4026,4026,4026,4026,4026,4026,4026,4026,0,0,0,0,0,0,0,0,0,0,0,0
0,70-79,2020-07,4111,4111,4111,4111,4111,4111,4111,4111,4111,4111,4111,4111,4111,0,0,0,0,0,0,0,0,0,0,0,0
0,70-79,2020-08,4090,4090,4090,4090,4090,4090,4090,4090,4090,4090,4090,4090,4090,0,0,0,0,0,0,0,0,0,0,0,0
0,70-79,2020-09,3923,3923,3923,3923,3923,3923,3923,3923,3923,3923,3923,3923,3923,0,0,0,0,0,0,0,0,0,0,0,0
0,70-79,2020-10,3983,3983,3983,3983,3983,3983,3983,3983,3983,3983,3983,3983,3983,0,0,0,0,0,0,0,0,0,0,0,0
0,70-79,2020-11,3834,3834,3834,3834,3834,3834,3834,3834,3834,3834,3834,3834,3834,0,0,0,0,0,0,0,0,0,0,0,0
0,70-79,2020-12,3937,3937,3937,3937,3937,3937,3937,3937,3937,3937,3937,3937,3937,0,0,0,0,0,0,0,0,0,0,0,0
0,70-79,2021-01,3856,3856,3856,3856,3856,3856,3856,3856,3856,3856,3856,3856,3856,0,0,0,0,0,0,0,0,0,0,0,0
0,70-79,2021-02,3403,3403,3403,3403,3403,3403,3403,3403,3403,3403,3403,3403,3403,0,0,0,0,0,0,0,0,0,0,0,0
0,70-79,2021-03,3630,3630,3630,3630,3630,3630,3630,3630,3630,3630,3630,3630,3630,0,0,0,0,0,0,0,0,0,0,0,0
0,70-79,2021-04,2258,2258,2258,2258,2258,2258,2258,2258,2258,2258,2258,2258,2258,0,0,0,0,0,0,0,0,0,0,0,0
0,70-79,2021-05,877,877,877,877,867,877,867,877,877,877,877,877,877,0,0,0,1,0,1,0,0,0,0,0,0
0,70-79,2021-06,316,316,316,316,286,316,286,316,316,316,316,316,316,0,0,0,0,0,0,0,0,0,0,0,0
1,70-79,2021-05,750,750,750,750,750,750,750,750,750,750,750,750,750,0,0,0,0,0,0,0,0,0,0,0,0
1,70-79,2021-06,300,300,300,300,300,300,300,300,300,300,300,300,300,0,0,0,0,0,0,0,0,0,0,0,0
0,80+,2020-01,4382,4382,4382,4382,4351,4382,4351,4382,4382,4382,4382,4382,4382,0,0,0,0,0,0,0,0,0,0,0,0
0,80+,2020-02,4089,4089,4089,4089,4060,4089,4060,4089,4089,4089,4089,4089,4089,0,0,0,0,0,0,0,0,0,0,0,0
0,80+,2020-03,4353,4353,4353,4353,4322,4353,4322,4353,4353,4353,4353,4353,4353,0,0,0,0,0,0,0,0,0,0,0,0
0,80+,2020-04,4171,4171,4171,4171,4141,4171,4141,4171,4171,4171,4171,4171,4171,0,0,0,0,0,0,0,0,0,0,0,0
0,80+,2020-05,4228,4228,4228,4228,4197,4228,4197,4228,4228,4228,4228,4228,4228,0,0,0,0,0,0,0,0,0,0,0,0
0,80+,2020-06,4017,4017,4017,4017,3987,4017,3987,4017,4017,4017,4017,4017,4017,0,0,0,0,0,0,0,0,0,0,0,0
0,80+,2020-07,4113,4113,4113,4113,4082,4113,4082,4113,4113,4113,4113,4113,4113,0,0,0,0,0,0,0,0,0,0,0,0
0,80+,2020-08,4092,4092,4092,4092,4061,4092,4061,4092,4092,4092,4092,4092,4092,0,0,0,0,0,0,0,0,0,0,0,0
0,80+,2020-09,3960,3960,3960,3960,3930,3960,3930,3960,3960,3960,3960,3960,3960,0,0,0,0,0,0,0,0,0,0,0,0
0,80+,2020-10,4091,4091,4091,4091,4060,4091,4060,4091,4091,4091,4091,4091,4091,0,0,0,0,0,0,0,0,0,0,0,0
0,80+,2020-11,3930,3930,3930,3930,3900,3930,3900,3930,3930,3930,3930,3930,3930,0,0,0,0,0,0,0,0,0,0,0,0
0,80+,2020-12,4045,4045,4045,4045,4014,4045,4014,4045,4045,4045,4045,4045,4045,0,0,0,0,0,0,0,0,0,0,0,0
0,80+,2021-01,3965,3965,3965,3965,3934,3965,3934,3965,3965,3965,3965,3965,3965,0,0,0,0,0,0,0,0,0,0,0,0
0,80+,2021-02,3489,3489,3489,3489,3461,3489,3461,3489,3489,3489,3489,3489,3489,0,0,0,0,0,0,0,0,0,0,0,0
0,80+,2021-03,3044,3044,3044,3044,3017,3044,3017,3044,3044,3044,3044,3044,3044,0,0,0,0,0,0,0,0,0,0,0,0
0,80+,2021-04,973,973,973,973,973,973,973,973,973,973,973,973,973,0,0,0,0,0,0,0,0,0,0,0,0
1,80+,2020-01,3324,3324,3324,3324,3324,3324,3324,3324,3324,3324,3324,3324,3324,0,0,0,0,0,0,0,0,0,0,0,0
1,80+,2020-02,3029,3029,3029,3029,3029,3029,3029,3029,3029,3029,3029,3029,3029,0,0,0,0,0,0,0,0,0,0,0,0
1,80+,2020-03,3162,3162,3162,3162,3162,3162,3162,3162,3162,3162,3162,3162,3162,0,0,0,0,0,0,0,0,0,0,0,0
1,80+,2020-04,3030,3030,3030,3030,3030,3030,3030,3030,3030,3030,3030,3030,3030,0,0,0,0,0,0,0,0,0,0,0,0
1,80+,2020-05,3100,3100,3100,3100,3100,3100,3100,3100,3100,3100,3100,3100,3100,0,0,0,0,0,0,0,0,0,0,0,0
1,80+,2020-06,3000,3000,3000,3000,3000,3000,3000,3000,3000,3000,3000,3000,3000,0,0,0,0,0,0,0,0,0,0,0,0
1,80+,2020-07,3067,3067,3067,3067,3067,3067,3067,3067,3067,3067,3067,3067,3067,0,0,0,0,0,0,0,0,0,0,0,0
1,80+,2020-08,2993,2993,2993,2993,2993,2993,2993,2993,2993,2993,2993,2993,2993,0,0,0,0,0,0,0,0,0,0,0,0
1,80+,2020-09,2847,2847,2847,2847,2847,2847,2847,2847,2847,2847,2847,2847,2847,0,0,0,0,0,0,0,0,0,0,0,0
1,80+,2020-10,2876,2876,2876,2876,2876,2876,2876,2876,2876,2876,2876,2876,2876,0,0,0,0,0,0,0,0,0,0,0,0
1,80+,2020-11,2722,2722,2722,2722,2722,2722,2722,2722,2722,2722,2722,2722,2722,0,0,0,0,0,0,0,0,0,0,0,0
1,80+,2020-12,2711,2711,2711,2711,2711,2711,2711,2711,2711,2711,2711,2711,2711,0,0,0,0,0,0,0,0,0,0,0,0
1,80+,2021-01,2552,2552,2552,2552,2552,2552,2552,2552,2552,2552,2552,2552,2552,0,0,0,0,0,0,0,0,0,0,0,0
1,80+,2021-02,2261,2261,2261,2261,2261,2261,2261,2261,2261,2261,2261,2261,2261,0,0,0,0,0,0,0,0,0,0,0,0
1,80+,2021-03,1984,1984,1984,1984,1984,1984,1984,1984,1984,1984,1984,1984,1984,0,0,0,0,0,0,0,0,0,0,0,0
1,80+,2021-04,709,709,709,709,709,709,709,709,709,709,709,709,709,0,0,0,0,0,0,0,0,0,0,0,0
0,80+,2021-05,412,412,412,412,412,412,412,412,412,412,412,412,412,0,0,0,0,0,0,0,0,0,0,0,0
0,80+,2021-06,355,355,355,355,355,355,355,355,355,355,355,355,355,0,0,0,0,0,0,0,0,0,0,0,0
1,80+,2021-05,188,188,188,188,188,188,188,188,188,188,188,188,188,0,0,0,0,0,0,0,0,0,0,0,0
1,80+,2021-06,156,156,156,156,156,156,156,156,156,156,156,156,156,0,0,0,0,0,0,0,0,0,0,0,0
