sex,year,Ageband,Persontime,Persontime_MIS_narrow,Persontime_KD_narrow,Persontime_MIS_KD_narrow,Persontime_MIS_broad,Persontime_KD_broad,Persontime_MIS_KD_broad,Persontime_MYOCARD_narrow,Persontime_MYOCARD_possible,Persontime_Myocardalone_narrow,Persontime_Myocardalone_possible,Persontime_PERICARD_narrow,Persontime_PERICARD_possible,MIS_narrow_b,KD_narrow_b,MIS_KD_narrow_b,MIS_broad_b,KD_broad_b,MIS_KD_broad_b,MYOCARD_narrow_b,MYOCARD_possible_b,Myocardalone_narrow_b,Myocardalone_possible_b,PERICARD_narrow_b,PERICARD_possible_b,IR_MIS_narrow,lb_MIS_narrow,ub_MIS_narrow,IR_KD_narrow,lb_KD_narrow,ub_KD_narrow,IR_MIS_KD_narrow,lb_MIS_KD_narrow,ub_MIS_KD_narrow,IR_MIS_broad,lb_MIS_broad,ub_MIS_broad,IR_KD_broad,lb_KD_broad,ub_KD_broad,IR_MIS_KD_broad,lb_MIS_KD_broad,ub_MIS_KD_broad,IR_MYOCARD_narrow,lb_MYOCARD_narrow,ub_MYOCARD_narrow,IR_MYOCARD_possible,lb_MYOCARD_possible,ub_MYOCARD_possible,IR_Myocardalone_narrow,lb_Myocardalone_narrow,ub_Myocardalone_narrow,IR_Myocardalone_possible,lb_Myocardalone_possible,ub_Myocardalone_possible,IR_PERICARD_narrow,lb_PERICARD_narrow,ub_PERICARD_narrow,IR_PERICARD_possible,lb_PERICARD_possible,ub_PERICARD_possible
1,2020,0-4,23485,23485,23485,23485,23485,23485,23485,23485,23485,23485,23485,23485,23485,0,0,0,0,0,0,0,0,0,0,0,0,0,0,5737.12,0,0,5737.12,0,0,5737.12,0,0,5737.12,0,0,5737.12,0,0,5737.12,0,0,5737.12,0,0,5737.12,0,0,5737.12,0,0,5737.12,0,0,5737.12,0,0,5737.12
1,2021,0-4,10855,10855,10855,10855,10855,10855,10855,10855,10855,10855,10855,10855,10855,0,0,0,0,0,0,0,0,0,0,0,0,0,0,12412.37,0,0,12412.37,0,0,12412.37,0,0,12412.37,0,0,12412.37,0,0,12412.37,0,0,12412.37,0,0,12412.37,0,0,12412.37,0,0,12412.37,0,0,12412.37,0,0,12412.37
0,2020,0-4,23340,23340,23340,23340,23340,23340,23340,23340,23340,23340,23340,23340,23340,0,0,0,0,0,0,0,0,0,0,0,0,0,0,5772.76,0,0,5772.76,0,0,5772.76,0,0,5772.76,0,0,5772.76,0,0,5772.76,0,0,5772.76,0,0,5772.76,0,0,5772.76,0,0,5772.76,0,0,5772.76,0,0,5772.76
0,2021,0-4,10310,10310,10310,10310,10310,10310,10310,10310,10310,10310,10310,10310,10310,0,0,0,0,0,0,0,0,0,0,0,0,0,0,13068.51,0,0,13068.51,0,0,13068.51,0,0,13068.51,0,0,13068.51,0,0,13068.51,0,0,13068.51,0,0,13068.51,0,0,13068.51,0,0,13068.51,0,0,13068.51,0,0,13068.51
0,2021,5-11,912,912,912,912,912,912,912,912,912,912,912,912,912,0,0,0,0,0,0,0,0,0,0,0,0,0,0,147737.2,0,0,147737.2,0,0,147737.2,0,0,147737.2,0,0,147737.2,0,0,147737.2,0,0,147737.2,0,0,147737.2,0,0,147737.2,0,0,147737.2,0,0,147737.2,0,0,147737.2
1,2021,5-11,729,729,729,729,729,729,729,729,729,729,729,729,729,0,0,0,0,0,0,0,0,0,0,0,0,0,0,184823.49,0,0,184823.49,0,0,184823.49,0,0,184823.49,0,0,184823.49,0,0,184823.49,0,0,184823.49,0,0,184823.49,0,0,184823.49,0,0,184823.49,0,0,184823.49,0,0,184823.49
0,2020,0-4,6270,6270,6270,6270,6270,6270,6270,6270,6270,6270,6270,6270,6270,0,0,0,0,0,0,0,0,0,0,0,0,0,0,21489.05,0,0,21489.05,0,0,21489.05,0,0,21489.05,0,0,21489.05,0,0,21489.05,0,0,21489.05,0,0,21489.05,0,0,21489.05,0,0,21489.05,0,0,21489.05,0,0,21489.05
0,2020,5-11,71343,71343,71343,71343,71343,71343,71343,71343,71343,71343,71343,71343,71343,0,0,0,0,0,0,0,0,0,0,0,0,0,0,1888.57,0,0,1888.57,0,0,1888.57,0,0,1888.57,0,0,1888.57,0,0,1888.57,0,0,1888.57,0,0,1888.57,0,0,1888.57,0,0,1888.57,0,0,1888.57,0,0,1888.57
0,2021,5-11,34756,34756,34756,34756,34756,34756,34756,34756,34756,34756,34756,34756,34756,0,0,0,0,0,0,0,0,0,0,0,0,0,0,3876.63,0,0,3876.63,0,0,3876.63,0,0,3876.63,0,0,3876.63,0,0,3876.63,0,0,3876.63,0,0,3876.63,0,0,3876.63,0,0,3876.63,0,0,3876.63,0,0,3876.63
1,2020,5-11,89960,89960,89960,89960,89960,89960,89960,89960,89960,89960,89960,89960,89960,0,0,0,0,0,0,0,0,0,0,0,0,0,0,1497.74,0,0,1497.74,0,0,1497.74,0,0,1497.74,0,0,1497.74,0,0,1497.74,0,0,1497.74,0,0,1497.74,0,0,1497.74,0,0,1497.74,0,0,1497.74,0,0,1497.74
1,2021,5-11,43979,43979,43979,43979,43979,43979,43979,43979,43979,43979,43979,43979,43979,0,0,0,0,0,0,0,0,0,0,0,0,0,0,3063.65,0,0,3063.65,0,0,3063.65,0,0,3063.65,0,0,3063.65,0,0,3063.65,0,0,3063.65,0,0,3063.65,0,0,3063.65,0,0,3063.65,0,0,3063.65,0,0,3063.65
1,2020,0-4,6712,6712,6712,6712,6712,6712,6712,6712,6712,6712,6712,6712,6712,0,0,0,0,0,0,0,0,0,0,0,0,0,0,20073.95,0,0,20073.95,0,0,20073.95,0,0,20073.95,0,0,20073.95,0,0,20073.95,0,0,20073.95,0,0,20073.95,0,0,20073.95,0,0,20073.95,0,0,20073.95,0,0,20073.95
0,2021,12-17,1277,1277,1277,1277,1277,1277,1277,1277,1277,1277,1277,1277,1277,0,0,0,0,0,0,0,0,0,0,0,0,0,0,105510.04,0,0,105510.04,0,0,105510.04,0,0,105510.04,0,0,105510.04,0,0,105510.04,0,0,105510.04,0,0,105510.04,0,0,105510.04,0,0,105510.04,0,0,105510.04,0,0,105510.04
1,2021,12-17,2437,2437,2437,2437,2437,2437,2437,2437,2437,2437,2437,2437,2437,0,0,0,0,0,0,0,0,0,0,0,0,0,0,55287.78,0,0,55287.78,0,0,55287.78,0,0,55287.78,0,0,55287.78,0,0,55287.78,0,0,55287.78,0,0,55287.78,0,0,55287.78,0,0,55287.78,0,0,55287.78,0,0,55287.78
0,2020,12-17,61644,61644,61644,61644,61644,61644,61644,61644,61644,61644,61644,61644,61644,0,0,0,0,0,0,0,0,0,0,0,0,0,0,2185.72,0,0,2185.72,0,0,2185.72,0,0,2185.72,0,0,2185.72,0,0,2185.72,0,0,2185.72,0,0,2185.72,0,0,2185.72,0,0,2185.72,0,0,2185.72,0,0,2185.72
0,2021,12-17,28115,28115,28115,28115,28115,28115,28115,28115,28115,28115,28115,28115,28115,0,0,0,0,0,0,0,0,0,0,0,0,0,0,4792.33,0,0,4792.33,0,0,4792.33,0,0,4792.33,0,0,4792.33,0,0,4792.33,0,0,4792.33,0,0,4792.33,0,0,4792.33,0,0,4792.33,0,0,4792.33,0,0,4792.33
1,2020,5-11,7880,7880,7880,7880,7880,7880,7880,7880,7880,7880,7880,7880,7880,0,0,0,0,0,0,0,0,0,0,0,0,0,0,17098.52,0,0,17098.52,0,0,17098.52,0,0,17098.52,0,0,17098.52,0,0,17098.52,0,0,17098.52,0,0,17098.52,0,0,17098.52,0,0,17098.52,0,0,17098.52,0,0,17098.52
1,2020,12-17,76996,76996,76996,76996,76996,76996,76996,76996,76996,76996,76996,76996,76996,0,0,0,0,0,0,0,0,0,0,0,0,0,0,1749.91,0,0,1749.91,0,0,1749.91,0,0,1749.91,0,0,1749.91,0,0,1749.91,0,0,1749.91,0,0,1749.91,0,0,1749.91,0,0,1749.91,0,0,1749.91,0,0,1749.91
1,2021,12-17,37672,37672,37672,37672,37672,37672,37672,37672,37672,37672,37672,37672,37672,0,0,0,0,0,0,0,0,0,0,0,0,0,0,3576.56,0,0,3576.56,0,0,3576.56,0,0,3576.56,0,0,3576.56,0,0,3576.56,0,0,3576.56,0,0,3576.56,0,0,3576.56,0,0,3576.56,0,0,3576.56,0,0,3576.56
1,2021,18-24,1447,1447,1447,1447,1447,1447,1447,1447,1447,1447,1447,1447,1447,0,0,0,0,0,0,0,0,0,0,0,0,0,0,93114.25,0,0,93114.25,0,0,93114.25,0,0,93114.25,0,0,93114.25,0,0,93114.25,0,0,93114.25,0,0,93114.25,0,0,93114.25,0,0,93114.25,0,0,93114.25,0,0,93114.25
0,2020,5-11,4411,4411,4411,4411,4411,4411,4411,4411,4411,4411,4411,4411,4411,0,0,0,0,0,0,0,0,0,0,0,0,0,0,30545.53,0,0,30545.53,0,0,30545.53,0,0,30545.53,0,0,30545.53,0,0,30545.53,0,0,30545.53,0,0,30545.53,0,0,30545.53,0,0,30545.53,0,0,30545.53,0,0,30545.53
0,2021,18-24,1241,1241,1241,1241,1241,1241,1241,1241,1241,1241,1241,1241,1241,0,0,0,0,0,0,0,0,0,0,0,0,0,0,108570.77,0,0,108570.77,0,0,108570.77,0,0,108570.77,0,0,108570.77,0,0,108570.77,0,0,108570.77,0,0,108570.77,0,0,108570.77,0,0,108570.77,0,0,108570.77,0,0,108570.77
1,2020,18-24,80822,80822,80822,80822,80822,80822,80822,80822,80822,80822,80822,80822,80822,0,0,0,0,0,0,0,0,0,0,0,0,0,0,1667.07,0,0,1667.07,0,0,1667.07,0,0,1667.07,0,0,1667.07,0,0,1667.07,0,0,1667.07,0,0,1667.07,0,0,1667.07,0,0,1667.07,0,0,1667.07,0,0,1667.07
1,2021,18-24,37767,37767,37767,37767,37767,37767,37767,37767,37767,37767,37767,37767,37767,0,0,0,0,0,0,0,0,0,0,0,0,0,0,3567.57,0,0,3567.57,0,0,3567.57,0,0,3567.57,0,0,3567.57,0,0,3567.57,0,0,3567.57,0,0,3567.57,0,0,3567.57,0,0,3567.57,0,0,3567.57,0,0,3567.57
0,2020,18-24,69480,69480,69480,69480,69480,69480,69480,69480,69480,69480,69480,69480,69480,0,0,0,0,0,0,0,0,0,0,0,0,0,0,1939.21,0,0,1939.21,0,0,1939.21,0,0,1939.21,0,0,1939.21,0,0,1939.21,0,0,1939.21,0,0,1939.21,0,0,1939.21,0,0,1939.21,0,0,1939.21,0,0,1939.21
0,2021,18-24,30909,30909,30909,30909,30909,30909,30909,30909,30909,30909,30909,30909,30909,0,0,0,0,0,0,0,0,0,0,0,0,0,0,4359.13,0,0,4359.13,0,0,4359.13,0,0,4359.13,0,0,4359.13,0,0,4359.13,0,0,4359.13,0,0,4359.13,0,0,4359.13,0,0,4359.13,0,0,4359.13,0,0,4359.13
0,2020,12-17,5169,5169,5169,5169,5169,5169,5169,5169,5169,5169,5169,5169,5169,0,0,0,0,0,0,0,0,0,0,0,0,0,0,26066.23,0,0,26066.23,0,0,26066.23,0,0,26066.23,0,0,26066.23,0,0,26066.23,0,0,26066.23,0,0,26066.23,0,0,26066.23,0,0,26066.23,0,0,26066.23,0,0,26066.23
1,2021,25-29,811,811,811,811,811,811,811,811,811,811,811,811,811,0,0,0,0,0,0,0,0,0,0,0,0,0,0,166136.03,0,0,166136.03,0,0,166136.03,0,0,166136.03,0,0,166136.03,0,0,166136.03,0,0,166136.03,0,0,166136.03,0,0,166136.03,0,0,166136.03,0,0,166136.03,0,0,166136.03
1,2020,12-17,7311,7311,7311,7311,7311,7311,7311,7311,7311,7311,7311,7311,7311,0,0,0,0,0,0,0,0,0,0,0,0,0,0,18429.26,0,0,18429.26,0,0,18429.26,0,0,18429.26,0,0,18429.26,0,0,18429.26,0,0,18429.26,0,0,18429.26,0,0,18429.26,0,0,18429.26,0,0,18429.26,0,0,18429.26
0,2021,25-29,1175,1175,1175,1175,1175,1175,1175,1175,1175,1175,1175,1175,1175,0,0,0,0,0,0,0,0,0,0,0,0,0,0,114669.21,0,0,114669.21,0,0,114669.21,0,0,114669.21,0,0,114669.21,0,0,114669.21,0,0,114669.21,0,0,114669.21,0,0,114669.21,0,0,114669.21,0,0,114669.21,0,0,114669.21
1,2020,25-29,57192,57192,57192,57192,57192,57192,57192,57192,57192,57192,57192,57192,57192,0,0,0,0,0,0,0,0,0,0,0,0,0,0,2355.86,0,0,2355.86,0,0,2355.86,0,0,2355.86,0,0,2355.86,0,0,2355.86,0,0,2355.86,0,0,2355.86,0,0,2355.86,0,0,2355.86,0,0,2355.86,0,0,2355.86
1,2021,25-29,25149,25149,25149,25149,25149,25149,25149,25149,25149,25149,25149,25149,25149,0,0,0,0,0,0,0,0,0,0,0,0,0,0,5357.52,0,0,5357.52,0,0,5357.52,0,0,5357.52,0,0,5357.52,0,0,5357.52,0,0,5357.52,0,0,5357.52,0,0,5357.52,0,0,5357.52,0,0,5357.52,0,0,5357.52
0,2020,25-29,56698,56698,56698,56698,56698,56698,56698,56698,56698,56698,56698,56698,56698,0,0,0,0,0,0,0,0,0,0,0,0,0,0,2376.39,0,0,2376.39,0,0,2376.39,0,0,2376.39,0,0,2376.39,0,0,2376.39,0,0,2376.39,0,0,2376.39,0,0,2376.39,0,0,2376.39,0,0,2376.39,0,0,2376.39
0,2021,25-29,23524,23524,23524,23524,23524,23524,23524,23524,23524,23524,23524,23524,23524,0,0,0,0,0,0,0,0,0,0,0,0,0,0,5727.61,0,0,5727.61,0,0,5727.61,0,0,5727.61,0,0,5727.61,0,0,5727.61,0,0,5727.61,0,0,5727.61,0,0,5727.61,0,0,5727.61,0,0,5727.61,0,0,5727.61
0,2020,18-24,4723,4723,4723,4723,4723,4723,4723,4723,4723,4723,4723,4723,4723,0,0,0,0,0,0,0,0,0,0,0,0,0,0,28527.7,0,0,28527.7,0,0,28527.7,0,0,28527.7,0,0,28527.7,0,0,28527.7,0,0,28527.7,0,0,28527.7,0,0,28527.7,0,0,28527.7,0,0,28527.7,0,0,28527.7
1,2020,18-24,5700,5700,5700,5700,5700,5700,5700,5700,5700,5700,5700,5700,5700,0,0,0,0,0,0,0,0,0,0,0,0,0,0,23637.95,0,0,23637.95,0,0,23637.95,0,0,23637.95,0,0,23637.95,0,0,23637.95,0,0,23637.95,0,0,23637.95,0,0,23637.95,0,0,23637.95,0,0,23637.95,0,0,23637.95
0,2021,30-39,980,980,980,980,980,980,980,980,980,980,980,980,980,0,0,0,0,0,0,0,0,0,0,0,0,0,0,137486.04,0,0,137486.04,0,0,137486.04,0,0,137486.04,0,0,137486.04,0,0,137486.04,0,0,137486.04,0,0,137486.04,0,0,137486.04,0,0,137486.04,0,0,137486.04,0,0,137486.04
1,2021,30-39,1144,1144,1144,1144,1144,1144,1144,1144,1144,1144,1144,1144,1144,0,0,0,0,0,0,0,0,0,0,0,0,0,0,117776.51,0,0,117776.51,0,0,117776.51,0,0,117776.51,0,0,117776.51,0,0,117776.51,0,0,117776.51,0,0,117776.51,0,0,117776.51,0,0,117776.51,0,0,117776.51,0,0,117776.51
0,2020,25-29,5506,5506,5506,5506,5506,5506,5506,5506,5506,5506,5506,5506,5506,0,0,0,0,0,0,0,0,0,0,0,0,0,0,24470.82,0,0,24470.82,0,0,24470.82,0,0,24470.82,0,0,24470.82,0,0,24470.82,0,0,24470.82,0,0,24470.82,0,0,24470.82,0,0,24470.82,0,0,24470.82,0,0,24470.82
0,2020,30-39,133356,133356,133356,133356,133356,133356,133356,133356,133356,133356,133356,133356,133356,0,0,0,0,0,0,0,0,0,0,0,0,0,0,1010.35,0,0,1010.35,0,0,1010.35,0,0,1010.35,0,0,1010.35,0,0,1010.35,0,0,1010.35,0,0,1010.35,0,0,1010.35,0,0,1010.35,0,0,1010.35,0,0,1010.35
0,2021,30-39,55526,55526,55526,55526,55526,55526,55526,55526,55526,55526,55526,55526,55526,0,0,0,0,0,0,0,0,0,0,0,0,0,0,2426.54,0,0,2426.54,0,0,2426.54,0,0,2426.54,0,0,2426.54,0,0,2426.54,0,0,2426.54,0,0,2426.54,0,0,2426.54,0,0,2426.54,0,0,2426.54,0,0,2426.54
1,2020,30-39,122997,122997,122997,122997,122997,122997,122997,122997,122997,122997,122997,122997,122997,0,0,0,0,0,0,0,0,0,0,0,0,0,0,1095.44,0,0,1095.44,0,0,1095.44,0,0,1095.44,0,0,1095.44,0,0,1095.44,0,0,1095.44,0,0,1095.44,0,0,1095.44,0,0,1095.44,0,0,1095.44,0,0,1095.44
1,2021,30-39,53127,53127,53127,53127,53127,53127,53127,53127,53127,53127,53127,53127,53127,0,0,0,0,0,0,0,0,0,0,0,0,0,0,2536.12,0,0,2536.12,0,0,2536.12,0,0,2536.12,0,0,2536.12,0,0,2536.12,0,0,2536.12,0,0,2536.12,0,0,2536.12,0,0,2536.12,0,0,2536.12,0,0,2536.12
1,2020,25-29,6985,6985,6985,6985,6985,6985,6985,6985,6985,6985,6985,6985,6985,0,0,0,0,0,0,0,0,0,0,0,0,0,0,19289.38,0,0,19289.38,0,0,19289.38,0,0,19289.38,0,0,19289.38,0,0,19289.38,0,0,19289.38,0,0,19289.38,0,0,19289.38,0,0,19289.38,0,0,19289.38,0,0,19289.38
0,2021,40-49,1734,1734,1734,1734,1734,1734,1734,1734,1734,1734,1734,1734,1734,0,0,0,0,0,0,0,0,0,0,0,0,0,0,77702.61,0,0,77702.61,0,0,77702.61,0,0,77702.61,0,0,77702.61,0,0,77702.61,0,0,77702.61,0,0,77702.61,0,0,77702.61,0,0,77702.61,0,0,77702.61,0,0,77702.61
1,2021,40-49,1544,1544,1544,1544,1544,1544,1544,1544,1544,1544,1544,1544,1544,0,0,0,0,0,0,0,0,0,0,0,0,0,0,87264.46,0,0,87264.46,0,0,87264.46,0,0,87264.46,0,0,87264.46,0,0,87264.46,0,0,87264.46,0,0,87264.46,0,0,87264.46,0,0,87264.46,0,0,87264.46,0,0,87264.46
0,2020,40-49,205375,205375,205375,205375,205375,205375,205375,205375,205375,205375,205375,205375,205375,0,0,0,0,0,0,0,0,0,0,0,0,0,0,656.05,0,0,656.05,0,0,656.05,0,0,656.05,0,0,656.05,0,0,656.05,0,0,656.05,0,0,656.05,0,0,656.05,0,0,656.05,0,0,656.05,0,0,656.05
0,2021,40-49,84172,84172,84172,84172,84172,84172,84172,84172,84172,84172,84172,84172,84172,0,0,0,0,0,0,0,0,0,0,0,0,0,0,1600.73,0,0,1600.73,0,0,1600.73,0,0,1600.73,0,0,1600.73,0,0,1600.73,0,0,1600.73,0,0,1600.73,0,0,1600.73,0,0,1600.73,0,0,1600.73,0,0,1600.73
1,2020,40-49,184499,184499,184499,184499,184499,184499,184499,184499,184499,184499,184499,184499,184499,0,0,0,0,0,0,0,0,0,0,0,0,0,0,730.28,0,0,730.28,0,0,730.28,0,0,730.28,0,0,730.28,0,0,730.28,0,0,730.28,0,0,730.28,0,0,730.28,0,0,730.28,0,0,730.28,0,0,730.28
1,2021,40-49,81197,81197,81197,81197,81197,81197,81197,81197,81197,81197,81197,81197,81197,0,0,0,0,0,0,0,0,0,0,0,0,0,0,1659.38,0,0,1659.38,0,0,1659.38,0,0,1659.38,0,0,1659.38,0,0,1659.38,0,0,1659.38,0,0,1659.38,0,0,1659.38,0,0,1659.38,0,0,1659.38,0,0,1659.38
1,2020,30-39,10640,10640,10640,10640,10640,10640,10640,10640,10640,10640,10640,10640,10640,0,0,0,0,0,0,0,0,0,0,0,0,0,0,12663.19,0,0,12663.19,0,0,12663.19,0,0,12663.19,0,0,12663.19,0,0,12663.19,0,0,12663.19,0,0,12663.19,0,0,12663.19,0,0,12663.19,0,0,12663.19,0,0,12663.19
0,2021,50-59,1471,1471,1471,1471,1471,1471,1471,1471,1471,1471,1471,1471,1471,0,0,0,0,0,0,0,0,0,0,0,0,0,0,91595.05,0,0,91595.05,0,0,91595.05,0,0,91595.05,0,0,91595.05,0,0,91595.05,0,0,91595.05,0,0,91595.05,0,0,91595.05,0,0,91595.05,0,0,91595.05,0,0,91595.05
0,2020,30-39,9643,9643,9643,9643,9643,9643,9643,9643,9643,9643,9643,9643,9643,0,0,0,0,0,0,0,0,0,0,0,0,0,0,13972.45,0,0,13972.45,0,0,13972.45,0,0,13972.45,0,0,13972.45,0,0,13972.45,0,0,13972.45,0,0,13972.45,0,0,13972.45,0,0,13972.45,0,0,13972.45,0,0,13972.45
1,2021,50-59,2218,2218,2218,2218,2218,2218,2218,2198,2218,2218,2218,2198,2218,0,0,0,0,0,0,1,0,0,0,1,0,0,0,60746.76,0,0,60746.76,0,0,60746.76,0,0,60746.76,0,0,60746.76,0,0,60746.76,16617.38,420.72,92586.11,0,0,60746.76,0,0,60746.76,0,0,60746.76,16617.38,420.72,92586.11,0,0,60746.76
0,2020,50-59,217974,217974,217974,217974,217974,217974,217974,217974,217974,217974,217974,217974,217974,0,0,0,0,0,0,0,0,0,0,0,0,0,0,618.13,0,0,618.13,0,0,618.13,0,0,618.13,0,0,618.13,0,0,618.13,0,0,618.13,0,0,618.13,0,0,618.13,0,0,618.13,0,0,618.13,0,0,618.13
0,2021,50-59,85270,85270,85270,85270,85270,85270,85270,85270,85270,85270,85270,85270,85270,0,0,0,0,0,0,0,0,0,0,0,0,0,0,1580.11,0,0,1580.11,0,0,1580.11,0,0,1580.11,0,0,1580.11,0,0,1580.11,0,0,1580.11,0,0,1580.11,0,0,1580.11,0,0,1580.11,0,0,1580.11,0,0,1580.11
0,2020,40-49,13601,13601,13601,13601,13601,13601,13601,13601,13601,13601,13601,13601,13601,0,0,0,0,0,0,0,0,0,0,0,0,0,0,9906.35,0,0,9906.35,0,0,9906.35,0,0,9906.35,0,0,9906.35,0,0,9906.35,0,0,9906.35,0,0,9906.35,0,0,9906.35,0,0,9906.35,0,0,9906.35,0,0,9906.35
0,2021,60-69,1753,1753,1753,1753,1753,1753,1753,1753,1753,1753,1753,1753,1753,0,0,0,0,0,0,0,0,0,0,0,0,0,0,76860.42,0,0,76860.42,0,0,76860.42,0,0,76860.42,0,0,76860.42,0,0,76860.42,0,0,76860.42,0,0,76860.42,0,0,76860.42,0,0,76860.42,0,0,76860.42,0,0,76860.42
1,2020,50-59,215382,215382,215382,215382,215382,215382,215382,215016,215382,215382,215382,215016,215382,0,0,0,0,0,0,0,0,0,0,0,0,0,0,625.57,0,0,625.57,0,0,625.57,0,0,625.57,0,0,625.57,0,0,625.57,0,0,626.63,0,0,625.57,0,0,625.57,0,0,625.57,0,0,626.63,0,0,625.57
1,2021,50-59,87648,87648,87648,87648,87648,87648,87648,87491,87648,87648,87648,87491,87648,0,0,0,0,0,0,0,0,0,0,0,0,0,0,1537.24,0,0,1537.24,0,0,1537.24,0,0,1537.24,0,0,1537.24,0,0,1537.24,0,0,1540,0,0,1537.24,0,0,1537.24,0,0,1537.24,0,0,1540,0,0,1537.24
1,2021,60-69,2652,2652,2652,2652,2652,2652,2652,2652,2652,2652,2652,2652,2652,0,0,0,0,0,0,0,0,0,0,0,0,0,0,50805.55,0,0,50805.55,0,0,50805.55,0,0,50805.55,0,0,50805.55,0,0,50805.55,0,0,50805.55,0,0,50805.55,0,0,50805.55,0,0,50805.55,0,0,50805.55,0,0,50805.55
1,2020,40-49,9879,9879,9879,9879,9879,9879,9879,9879,9879,9879,9879,9879,9879,0,0,0,0,0,0,0,0,0,0,0,0,0,0,13638.66,0,0,13638.66,0,0,13638.66,0,0,13638.66,0,0,13638.66,0,0,13638.66,0,0,13638.66,0,0,13638.66,0,0,13638.66,0,0,13638.66,0,0,13638.66,0,0,13638.66
0,2020,60-69,170768,170768,170768,170768,170768,170768,170768,170768,170768,170768,170768,170768,170768,0,0,0,0,0,0,0,0,0,0,0,0,0,0,789,0,0,789,0,0,789,0,0,789,0,0,789,0,0,789,0,0,789,0,0,789,0,0,789,0,0,789,0,0,789,0,0,789
0,2021,60-69,66849,66849,66849,66849,66849,66849,66849,66849,66849,66849,66849,66849,66849,0,0,0,0,0,0,0,0,0,0,0,0,0,0,2015.53,0,0,2015.53,0,0,2015.53,0,0,2015.53,0,0,2015.53,0,0,2015.53,0,0,2015.53,0,0,2015.53,0,0,2015.53,0,0,2015.53,0,0,2015.53,0,0,2015.53
1,2020,60-69,163226,163226,163226,163226,163226,163226,163226,163226,163226,163226,163226,163226,163226,0,0,0,0,0,0,0,0,0,0,0,0,0,0,825.46,0,0,825.46,0,0,825.46,0,0,825.46,0,0,825.46,0,0,825.46,0,0,825.46,0,0,825.46,0,0,825.46,0,0,825.46,0,0,825.46,0,0,825.46
1,2021,60-69,62228,62228,62228,62228,62228,62228,62228,62228,62228,62228,62228,62228,62228,0,0,0,0,0,0,0,0,0,0,0,0,0,0,2165.2,0,0,2165.2,0,0,2165.2,0,0,2165.2,0,0,2165.2,0,0,2165.2,0,0,2165.2,0,0,2165.2,0,0,2165.2,0,0,2165.2,0,0,2165.2,0,0,2165.2
1,2020,50-59,8515,8515,8515,8515,8515,8515,8515,8515,8515,8515,8515,8515,8515,0,0,0,0,0,0,0,0,0,0,0,0,0,0,15823.41,0,0,15823.41,0,0,15823.41,0,0,15823.41,0,0,15823.41,0,0,15823.41,0,0,15823.41,0,0,15823.41,0,0,15823.41,0,0,15823.41,0,0,15823.41,0,0,15823.41
0,2020,50-59,14011,14011,14011,14011,14011,14011,14011,14011,14011,14011,14011,14011,14011,0,0,0,0,0,0,0,0,0,0,0,0,0,0,9616.47,0,0,9616.47,0,0,9616.47,0,0,9616.47,0,0,9616.47,0,0,9616.47,0,0,9616.47,0,0,9616.47,0,0,9616.47,0,0,9616.47,0,0,9616.47,0,0,9616.47
1,2021,70-79,1098,1098,1098,1098,1098,1098,1098,1098,1098,1098,1098,1098,1098,0,0,0,0,0,0,0,0,0,0,0,0,0,0,122710.68,0,0,122710.68,0,0,122710.68,0,0,122710.68,0,0,122710.68,0,0,122710.68,0,0,122710.68,0,0,122710.68,0,0,122710.68,0,0,122710.68,0,0,122710.68,0,0,122710.68
0,2021,70-79,1189,1189,1189,1189,1189,1189,1189,1189,1189,1189,1189,1189,1189,0,0,0,0,0,0,0,0,0,0,0,0,0,0,113319.03,0,0,113319.03,0,0,113319.03,0,0,113319.03,0,0,113319.03,0,0,113319.03,0,0,113319.03,0,0,113319.03,0,0,113319.03,0,0,113319.03,0,0,113319.03,0,0,113319.03
0,2020,70-79,152799,152799,152799,152799,152799,152799,152799,152471,152799,152799,152799,152471,152799,0,0,0,0,0,0,1,0,0,0,1,0,0,0,881.79,0,0,881.79,0,0,881.79,0,0,881.79,0,0,881.79,0,0,881.79,239.55,6.06,1334.71,0,0,881.79,0,0,881.79,0,0,881.79,239.55,6.06,1334.71,0,0,881.79
0,2021,70-79,50981,50981,50981,50981,50941,50981,50941,50855,50981,50981,50981,50855,50981,0,0,0,1,0,1,0,0,0,0,0,0,0,0,2642.87,0,0,2642.87,0,0,2642.87,717.01,18.15,3994.9,0,0,2642.87,717.01,18.15,3994.9,0,0,2649.42,0,0,2642.87,0,0,2642.87,0,0,2642.87,0,0,2649.42,0,0,2642.87
1,2020,70-79,122639,122639,122639,122639,122595,122639,122595,122273,122639,122639,122639,122273,122639,0,0,0,1,0,1,0,0,0,0,0,0,0,0,1098.64,0,0,1098.64,0,0,1098.64,297.93,7.54,1659.97,0,0,1098.64,297.93,7.54,1659.97,0,0,1101.93,0,0,1098.64,0,0,1098.64,0,0,1098.64,0,0,1101.93,0,0,1098.64
1,2021,70-79,39771,39771,39771,39771,39771,39771,39771,39644,39771,39771,39771,39644,39771,0,0,0,0,0,0,0,0,0,0,0,0,0,0,3387.8,0,0,3387.8,0,0,3387.8,0,0,3387.8,0,0,3387.8,0,0,3387.8,0,0,3398.66,0,0,3387.8,0,0,3387.8,0,0,3387.8,0,0,3398.66,0,0,3387.8
1,2020,60-69,6636,6636,6636,6636,6636,6636,6636,6636,6636,6636,6636,6636,6636,0,0,0,0,0,0,0,0,0,0,0,0,0,0,20303.85,0,0,20303.85,0,0,20303.85,0,0,20303.85,0,0,20303.85,0,0,20303.85,0,0,20303.85,0,0,20303.85,0,0,20303.85,0,0,20303.85,0,0,20303.85,0,0,20303.85
0,2021,80+,572,572,572,572,572,572,572,572,572,572,572,572,572,0,0,0,0,0,0,0,0,0,0,0,0,0,0,235553.01,0,0,235553.01,0,0,235553.01,0,0,235553.01,0,0,235553.01,0,0,235553.01,0,0,235553.01,0,0,235553.01,0,0,235553.01,0,0,235553.01,0,0,235553.01,0,0,235553.01
0,2020,60-69,8239,8239,8239,8239,8239,8239,8239,8239,8239,8239,8239,8239,8239,0,0,0,0,0,0,0,0,0,0,0,0,0,0,16353.48,0,0,16353.48,0,0,16353.48,0,0,16353.48,0,0,16353.48,0,0,16353.48,0,0,16353.48,0,0,16353.48,0,0,16353.48,0,0,16353.48,0,0,16353.48,0,0,16353.48
1,2021,80+,496,496,496,496,496,496,496,496,496,496,496,496,496,0,0,0,0,0,0,0,0,0,0,0,0,0,0,271645.81,0,0,271645.81,0,0,271645.81,0,0,271645.81,0,0,271645.81,0,0,271645.81,0,0,271645.81,0,0,271645.81,0,0,271645.81,0,0,271645.81,0,0,271645.81,0,0,271645.81
0,2020,80+,158590,158590,158590,158590,158224,158590,158224,158590,158590,158590,158590,158590,158590,0,0,0,0,0,0,0,0,0,0,0,0,0,0,849.59,0,0,849.59,0,0,849.59,0,0,851.55,0,0,849.59,0,0,851.55,0,0,849.59,0,0,849.59,0,0,849.59,0,0,849.59,0,0,849.59,0,0,849.59
0,2021,80+,42414,42414,42414,42414,42275,42414,42275,42414,42414,42414,42414,42414,42414,0,0,0,1,0,1,0,0,0,0,0,0,0,0,3176.69,0,0,3176.69,0,0,3176.69,863.99,21.87,4813.82,0,0,3176.69,863.99,21.87,4813.82,0,0,3176.69,0,0,3176.69,0,0,3176.69,0,0,3176.69,0,0,3176.69,0,0,3176.69
1,2020,80+,105253,105253,105253,105253,104923,105253,104923,104887,105253,105253,105253,104887,105253,0,0,0,1,0,1,0,0,0,0,0,0,0,0,1280.12,0,0,1280.12,0,0,1280.12,348.11,8.81,1939.56,0,0,1280.12,348.11,8.81,1939.56,0,0,1284.59,0,0,1280.12,0,0,1280.12,0,0,1280.12,0,0,1284.59,0,0,1280.12
1,2021,80+,26845,26845,26845,26845,26789,26845,26789,26755,26845,26845,26845,26755,26845,0,0,0,0,0,0,0,0,0,0,0,0,0,0,5019.05,0,0,5019.05,0,0,5019.05,0,0,5029.54,0,0,5019.05,0,0,5029.54,0,0,5035.93,0,0,5019.05,0,0,5019.05,0,0,5019.05,0,0,5035.93,0,0,5019.05
0,2020,70-79,8693,8693,8693,8693,8692,8693,8692,8693,8693,8693,8693,8693,8693,0,0,0,1,0,1,0,0,0,0,0,0,0,0,15499.4,0,0,15499.4,0,0,15499.4,4202.14,106.39,23412.82,0,0,15499.4,4202.14,106.39,23412.82,0,0,15499.4,0,0,15499.4,0,0,15499.4,0,0,15499.4,0,0,15499.4,0,0,15499.4
1,2020,70-79,7717,7717,7717,7717,7717,7717,7717,7717,7717,7717,7717,7717,7717,0,0,0,0,0,0,0,0,0,0,0,0,0,0,17459.68,0,0,17459.68,0,0,17459.68,0,0,17459.68,0,0,17459.68,0,0,17459.68,0,0,17459.68,0,0,17459.68,0,0,17459.68,0,0,17459.68,0,0,17459.68,0,0,17459.68
