sex,ageband_at_1_jan_2021,month,Persontime,Persontime_MIS_narrow,Persontime_KD_narrow,Persontime_MIS_KD_narrow,Persontime_MIS_broad,Persontime_KD_broad,Persontime_MIS_KD_broad,Persontime_MYOCARD_narrow,Persontime_MYOCARD_possible,Persontime_Myocardalone_narrow,Persontime_Myocardalone_possible,Persontime_PERICARD_narrow,Persontime_PERICARD_possible,MIS_narrow_b,KD_narrow_b,MIS_KD_narrow_b,MIS_broad_b,KD_broad_b,MIS_KD_broad_b,MYOCARD_narrow_b,MYOCARD_possible_b,Myocardalone_narrow_b,Myocardalone_possible_b,PERICARD_narrow_b,PERICARD_possible_b
0,0-4,2020-01,995,995,995,995,995,995,995,995,995,995,995,995,995,0,0,0,0,0,0,0,0,0,0,0,0
0,0-4,2020-02,928,928,928,928,928,928,928,928,928,928,928,928,928,0,0,0,0,0,0,0,0,0,0,0,0
0,0-4,2020-03,992,992,992,992,992,992,992,992,992,992,992,992,992,0,0,0,0,0,0,0,0,0,0,0,0
0,0-4,2020-04,930,930,930,930,930,930,930,930,930,930,930,930,930,0,0,0,0,0,0,0,0,0,0,0,0
0,0-4,2020-05,961,961,961,961,961,961,961,961,961,961,961,961,961,0,0,0,0,0,0,0,0,0,0,0,0
0,0-4,2020-06,930,930,930,930,930,930,930,930,930,930,930,930,930,0,0,0,0,0,0,0,0,0,0,0,0
0,0-4,2020-07,961,961,961,961,961,961,961,961,961,961,961,961,961,0,0,0,0,0,0,0,0,0,0,0,0
0,0-4,2020-08,961,961,961,961,961,961,961,961,961,961,961,961,961,0,0,0,0,0,0,0,0,0,0,0,0
0,0-4,2020-09,875,875,875,875,875,875,875,875,875,875,875,875,875,0,0,0,0,0,0,0,0,0,0,0,0
0,0-4,2020-10,885,885,885,885,885,885,885,885,885,885,885,885,885,0,0,0,0,0,0,0,0,0,0,0,0
0,0-4,2020-11,772,772,772,772,772,772,772,772,772,772,772,772,772,0,0,0,0,0,0,0,0,0,0,0,0
0,0-4,2020-12,775,775,775,775,775,775,775,775,775,775,775,775,775,0,0,0,0,0,0,0,0,0,0,0,0
0,0-4,2021-01,775,775,775,775,775,775,775,775,775,775,775,775,775,0,0,0,0,0,0,0,0,0,0,0,0
0,0-4,2021-02,700,700,700,700,700,700,700,700,700,700,700,700,700,0,0,0,0,0,0,0,0,0,0,0,0
0,0-4,2021-03,775,775,775,775,775,775,775,775,775,775,775,775,775,0,0,0,0,0,0,0,0,0,0,0,0
0,0-4,2021-04,746,746,746,746,746,746,746,746,746,746,746,746,746,0,0,0,0,0,0,0,0,0,0,0,0
0,0-4,2021-05,743,743,743,743,743,743,743,743,743,743,743,743,743,0,0,0,0,0,0,0,0,0,0,0,0
0,0-4,2021-06,660,660,660,660,660,660,660,660,660,660,660,660,660,0,0,0,0,0,0,0,0,0,0,0,0
1,0-4,2020-01,899,899,899,899,899,899,899,899,899,899,899,899,899,0,0,0,0,0,0,0,0,0,0,0,0
1,0-4,2020-02,840,840,840,840,840,840,840,840,840,840,840,840,840,0,0,0,0,0,0,0,0,0,0,0,0
1,0-4,2020-03,868,868,868,868,868,868,868,868,868,868,868,868,868,0,0,0,0,0,0,0,0,0,0,0,0
1,0-4,2020-04,820,820,820,820,820,820,820,820,820,820,820,820,820,0,0,0,0,0,0,0,0,0,0,0,0
1,0-4,2020-05,837,837,837,837,837,837,837,837,837,837,837,837,837,0,0,0,0,0,0,0,0,0,0,0,0
1,0-4,2020-06,810,810,810,810,810,810,810,810,810,810,810,810,810,0,0,0,0,0,0,0,0,0,0,0,0
1,0-4,2020-07,815,815,815,815,815,815,815,815,815,815,815,815,815,0,0,0,0,0,0,0,0,0,0,0,0
1,0-4,2020-08,806,806,806,806,806,806,806,806,806,806,806,806,806,0,0,0,0,0,0,0,0,0,0,0,0
1,0-4,2020-09,780,780,780,780,780,780,780,780,780,780,780,780,780,0,0,0,0,0,0,0,0,0,0,0,0
1,0-4,2020-10,806,806,806,806,806,806,806,806,806,806,806,806,806,0,0,0,0,0,0,0,0,0,0,0,0
1,0-4,2020-11,780,780,780,780,780,780,780,780,780,780,780,780,780,0,0,0,0,0,0,0,0,0,0,0,0
1,0-4,2020-12,806,806,806,806,806,806,806,806,806,806,806,806,806,0,0,0,0,0,0,0,0,0,0,0,0
1,0-4,2021-01,798,798,798,798,798,798,798,798,798,798,798,798,798,0,0,0,0,0,0,0,0,0,0,0,0
1,0-4,2021-02,700,700,700,700,700,700,700,700,700,700,700,700,700,0,0,0,0,0,0,0,0,0,0,0,0
1,0-4,2021-03,775,775,775,775,775,775,775,775,775,775,775,775,775,0,0,0,0,0,0,0,0,0,0,0,0
1,0-4,2021-04,743,743,743,743,743,743,743,743,743,743,743,743,743,0,0,0,0,0,0,0,0,0,0,0,0
1,0-4,2021-05,737,737,737,737,737,737,737,737,737,737,737,737,737,0,0,0,0,0,0,0,0,0,0,0,0
1,0-4,2021-06,690,690,690,690,690,690,690,690,690,690,690,690,690,0,0,0,0,0,0,0,0,0,0,0,0
0,5-11,2020-01,1936,1936,1936,1936,1936,1936,1936,1936,1936,1936,1936,1936,1936,0,0,0,0,0,0,0,0,0,0,0,0
0,5-11,2020-02,1798,1798,1798,1798,1798,1798,1798,1798,1798,1798,1798,1798,1798,0,0,0,0,0,0,0,0,0,0,0,0
0,5-11,2020-03,1922,1922,1922,1922,1922,1922,1922,1922,1922,1922,1922,1922,1922,0,0,0,0,0,0,0,0,0,0,0,0
0,5-11,2020-04,1860,1860,1860,1860,1860,1860,1860,1860,1860,1860,1860,1860,1860,0,0,0,0,0,0,0,0,0,0,0,0
0,5-11,2020-05,1922,1922,1922,1922,1922,1922,1922,1922,1922,1922,1922,1922,1922,0,0,0,0,0,0,0,0,0,0,0,0
0,5-11,2020-06,1860,1860,1860,1860,1860,1860,1860,1860,1860,1860,1860,1860,1860,0,0,0,0,0,0,0,0,0,0,0,0
0,5-11,2020-07,1922,1922,1922,1922,1922,1922,1922,1922,1922,1922,1922,1922,1922,0,0,0,0,0,0,0,0,0,0,0,0
0,5-11,2020-08,1922,1922,1922,1922,1922,1922,1922,1922,1922,1922,1922,1922,1922,0,0,0,0,0,0,0,0,0,0,0,0
0,5-11,2020-09,1860,1860,1860,1860,1860,1860,1860,1860,1860,1860,1860,1860,1860,0,0,0,0,0,0,0,0,0,0,0,0
0,5-11,2020-10,1910,1910,1910,1910,1910,1910,1910,1910,1910,1910,1910,1910,1910,0,0,0,0,0,0,0,0,0,0,0,0
0,5-11,2020-11,1805,1805,1805,1805,1805,1805,1805,1805,1805,1805,1805,1805,1805,0,0,0,0,0,0,0,0,0,0,0,0
0,5-11,2020-12,1841,1841,1841,1841,1841,1841,1841,1841,1841,1841,1841,1841,1841,0,0,0,0,0,0,0,0,0,0,0,0
0,5-11,2021-01,1795,1795,1795,1795,1795,1795,1795,1795,1795,1795,1795,1795,1795,0,0,0,0,0,0,0,0,0,0,0,0
0,5-11,2021-02,1590,1590,1590,1590,1590,1590,1590,1590,1590,1590,1590,1590,1590,0,0,0,0,0,0,0,0,0,0,0,0
0,5-11,2021-03,1736,1736,1736,1736,1736,1736,1736,1736,1736,1736,1736,1736,1736,0,0,0,0,0,0,0,0,0,0,0,0
0,5-11,2021-04,1674,1674,1674,1674,1674,1674,1674,1674,1674,1674,1674,1674,1674,0,0,0,0,0,0,0,0,0,0,0,0
0,5-11,2021-05,1705,1705,1705,1705,1705,1705,1705,1705,1705,1705,1705,1705,1705,0,0,0,0,0,0,0,0,0,0,0,0
0,5-11,2021-06,1650,1650,1650,1650,1650,1650,1650,1650,1650,1650,1650,1650,1650,0,0,0,0,0,0,0,0,0,0,0,0
1,5-11,2020-01,2679,2679,2679,2679,2679,2679,2679,2679,2679,2679,2679,2679,2679,0,0,0,0,0,0,0,0,0,0,0,0
1,5-11,2020-02,2483,2483,2483,2483,2483,2483,2483,2483,2483,2483,2483,2483,2483,0,0,0,0,0,0,0,0,0,0,0,0
1,5-11,2020-03,2635,2635,2635,2635,2635,2635,2635,2635,2635,2635,2635,2635,2635,0,0,0,0,0,0,0,0,0,0,0,0
1,5-11,2020-04,2550,2550,2550,2550,2550,2550,2550,2550,2550,2550,2550,2550,2550,0,0,0,0,0,0,0,0,0,0,0,0
1,5-11,2020-05,2635,2635,2635,2635,2635,2635,2635,2635,2635,2635,2635,2635,2635,0,0,0,0,0,0,0,0,0,0,0,0
1,5-11,2020-06,2550,2550,2550,2550,2550,2550,2550,2550,2550,2550,2550,2550,2550,0,0,0,0,0,0,0,0,0,0,0,0
1,5-11,2020-07,2635,2635,2635,2635,2635,2635,2635,2635,2635,2635,2635,2635,2635,0,0,0,0,0,0,0,0,0,0,0,0
1,5-11,2020-08,2635,2635,2635,2635,2635,2635,2635,2635,2635,2635,2635,2635,2635,0,0,0,0,0,0,0,0,0,0,0,0
1,5-11,2020-09,2550,2550,2550,2550,2550,2550,2550,2550,2550,2550,2550,2550,2550,0,0,0,0,0,0,0,0,0,0,0,0
1,5-11,2020-10,2615,2615,2615,2615,2615,2615,2615,2615,2615,2615,2615,2615,2615,0,0,0,0,0,0,0,0,0,0,0,0
1,5-11,2020-11,2460,2460,2460,2460,2460,2460,2460,2460,2460,2460,2460,2460,2460,0,0,0,0,0,0,0,0,0,0,0,0
1,5-11,2020-12,2500,2500,2500,2500,2500,2500,2500,2500,2500,2500,2500,2500,2500,0,0,0,0,0,0,0,0,0,0,0,0
1,5-11,2021-01,2449,2449,2449,2449,2449,2449,2449,2449,2449,2449,2449,2449,2449,0,0,0,0,0,0,0,0,0,0,0,0
1,5-11,2021-02,2212,2212,2212,2212,2212,2212,2212,2212,2212,2212,2212,2212,2212,0,0,0,0,0,0,0,0,0,0,0,0
1,5-11,2021-03,2449,2449,2449,2449,2449,2449,2449,2449,2449,2449,2449,2449,2449,0,0,0,0,0,0,0,0,0,0,0,0
1,5-11,2021-04,2370,2370,2370,2370,2370,2370,2370,2370,2370,2370,2370,2370,2370,0,0,0,0,0,0,0,0,0,0,0,0
1,5-11,2021-05,2449,2449,2449,2449,2449,2449,2449,2449,2449,2449,2449,2449,2449,0,0,0,0,0,0,0,0,0,0,0,0
1,5-11,2021-06,2346,2346,2346,2346,2346,2346,2346,2346,2346,2346,2346,2346,2346,0,0,0,0,0,0,0,0,0,0,0,0
0,12-17,2020-01,1878,1878,1878,1878,1878,1878,1878,1878,1878,1878,1878,1878,1878,0,0,0,0,0,0,0,0,0,0,0,0
0,12-17,2020-02,1740,1740,1740,1740,1740,1740,1740,1740,1740,1740,1740,1740,1740,0,0,0,0,0,0,0,0,0,0,0,0
0,12-17,2020-03,1860,1860,1860,1860,1860,1860,1860,1860,1860,1860,1860,1860,1860,0,0,0,0,0,0,0,0,0,0,0,0
0,12-17,2020-04,1800,1800,1800,1800,1800,1800,1800,1800,1800,1800,1800,1800,1800,0,0,0,0,0,0,0,0,0,0,0,0
0,12-17,2020-05,1860,1860,1860,1860,1860,1860,1860,1860,1860,1860,1860,1860,1860,0,0,0,0,0,0,0,0,0,0,0,0
0,12-17,2020-06,1782,1782,1782,1782,1782,1782,1782,1782,1782,1782,1782,1782,1782,0,0,0,0,0,0,0,0,0,0,0,0
0,12-17,2020-07,1829,1829,1829,1829,1829,1829,1829,1829,1829,1829,1829,1829,1829,0,0,0,0,0,0,0,0,0,0,0,0
0,12-17,2020-08,1757,1757,1757,1757,1757,1757,1757,1757,1757,1757,1757,1757,1757,0,0,0,0,0,0,0,0,0,0,0,0
0,12-17,2020-09,1680,1680,1680,1680,1680,1680,1680,1680,1680,1680,1680,1680,1680,0,0,0,0,0,0,0,0,0,0,0,0
0,12-17,2020-10,1735,1735,1735,1735,1735,1735,1735,1735,1735,1735,1735,1735,1735,0,0,0,0,0,0,0,0,0,0,0,0
0,12-17,2020-11,1593,1593,1593,1593,1593,1593,1593,1593,1593,1593,1593,1593,1593,0,0,0,0,0,0,0,0,0,0,0,0
0,12-17,2020-12,1581,1581,1581,1581,1581,1581,1581,1581,1581,1581,1581,1581,1581,0,0,0,0,0,0,0,0,0,0,0,0
0,12-17,2021-01,1528,1528,1528,1528,1528,1528,1528,1528,1528,1528,1528,1528,1528,0,0,0,0,0,0,0,0,0,0,0,0
0,12-17,2021-02,1343,1343,1343,1343,1343,1343,1343,1343,1343,1343,1343,1343,1343,0,0,0,0,0,0,0,0,0,0,0,0
0,12-17,2021-03,1455,1455,1455,1455,1455,1455,1455,1455,1455,1455,1455,1455,1455,0,0,0,0,0,0,0,0,0,0,0,0
0,12-17,2021-04,1353,1353,1353,1353,1353,1353,1353,1353,1353,1353,1353,1353,1353,0,0,0,0,0,0,0,0,0,0,0,0
0,12-17,2021-05,1344,1344,1344,1344,1344,1344,1344,1344,1344,1344,1344,1344,1344,0,0,0,0,0,0,0,0,0,0,0,0
0,12-17,2021-06,1256,1256,1256,1256,1256,1256,1256,1256,1256,1256,1256,1256,1256,0,0,0,0,0,0,0,0,0,0,0,0
1,12-17,2020-01,2440,2440,2440,2440,2440,2440,2440,2440,2440,2440,2440,2440,2440,0,0,0,0,0,0,0,0,0,0,0,0
1,12-17,2020-02,2262,2262,2262,2262,2262,2262,2262,2262,2262,2262,2262,2262,2262,0,0,0,0,0,0,0,0,0,0,0,0
1,12-17,2020-03,2363,2363,2363,2363,2363,2363,2363,2363,2363,2363,2363,2363,2363,0,0,0,0,0,0,0,0,0,0,0,0
1,12-17,2020-04,2250,2250,2250,2250,2250,2250,2250,2250,2250,2250,2250,2250,2250,0,0,0,0,0,0,0,0,0,0,0,0
1,12-17,2020-05,2324,2324,2324,2324,2324,2324,2324,2324,2324,2324,2324,2324,2324,0,0,0,0,0,0,0,0,0,0,0,0
1,12-17,2020-06,2220,2220,2220,2220,2220,2220,2220,2220,2220,2220,2220,2220,2220,0,0,0,0,0,0,0,0,0,0,0,0
1,12-17,2020-07,2283,2283,2283,2283,2283,2283,2283,2283,2283,2283,2283,2283,2283,0,0,0,0,0,0,0,0,0,0,0,0
1,12-17,2020-08,2256,2256,2256,2256,2256,2256,2256,2256,2256,2256,2256,2256,2256,0,0,0,0,0,0,0,0,0,0,0,0
1,12-17,2020-09,2100,2100,2100,2100,2100,2100,2100,2100,2100,2100,2100,2100,2100,0,0,0,0,0,0,0,0,0,0,0,0
1,12-17,2020-10,2128,2128,2128,2128,2128,2128,2128,2128,2128,2128,2128,2128,2128,0,0,0,0,0,0,0,0,0,0,0,0
1,12-17,2020-11,2040,2040,2040,2040,2040,2040,2040,2040,2040,2040,2040,2040,2040,0,0,0,0,0,0,0,0,0,0,0,0
1,12-17,2020-12,2073,2073,2073,2073,2073,2073,2073,2073,2073,2073,2073,2073,2073,0,0,0,0,0,0,0,0,0,0,0,0
1,12-17,2021-01,2016,2016,2016,2016,2016,2016,2016,2016,2016,2016,2016,2016,2016,0,0,0,0,0,0,0,0,0,0,0,0
1,12-17,2021-02,1774,1774,1774,1774,1774,1774,1774,1774,1774,1774,1774,1774,1774,0,0,0,0,0,0,0,0,0,0,0,0
1,12-17,2021-03,1926,1926,1926,1926,1926,1926,1926,1926,1926,1926,1926,1926,1926,0,0,0,0,0,0,0,0,0,0,0,0
1,12-17,2021-04,1840,1840,1840,1840,1840,1840,1840,1840,1840,1840,1840,1840,1840,0,0,0,0,0,0,0,0,0,0,0,0
1,12-17,2021-05,1880,1880,1880,1880,1880,1880,1880,1880,1880,1880,1880,1880,1880,0,0,0,0,0,0,0,0,0,0,0,0
1,12-17,2021-06,1706,1706,1706,1706,1706,1706,1706,1706,1706,1706,1706,1706,1706,0,0,0,0,0,0,0,0,0,0,0,0
0,18-24,2020-01,2015,2015,2015,2015,2015,2015,2015,2015,2015,2015,2015,2015,2015,0,0,0,0,0,0,0,0,0,0,0,0
0,18-24,2020-02,1862,1862,1862,1862,1862,1862,1862,1862,1862,1862,1862,1862,1862,0,0,0,0,0,0,0,0,0,0,0,0
0,18-24,2020-03,1971,1971,1971,1971,1971,1971,1971,1971,1971,1971,1971,1971,1971,0,0,0,0,0,0,0,0,0,0,0,0
0,18-24,2020-04,1872,1872,1872,1872,1872,1872,1872,1872,1872,1872,1872,1872,1872,0,0,0,0,0,0,0,0,0,0,0,0
0,18-24,2020-05,1891,1891,1891,1891,1891,1891,1891,1891,1891,1891,1891,1891,1891,0,0,0,0,0,0,0,0,0,0,0,0
0,18-24,2020-06,1830,1830,1830,1830,1830,1830,1830,1830,1830,1830,1830,1830,1830,0,0,0,0,0,0,0,0,0,0,0,0
0,18-24,2020-07,1886,1886,1886,1886,1886,1886,1886,1886,1886,1886,1886,1886,1886,0,0,0,0,0,0,0,0,0,0,0,0
0,18-24,2020-08,1860,1860,1860,1860,1860,1860,1860,1860,1860,1860,1860,1860,1860,0,0,0,0,0,0,0,0,0,0,0,0
0,18-24,2020-09,1796,1796,1796,1796,1796,1796,1796,1796,1796,1796,1796,1796,1796,0,0,0,0,0,0,0,0,0,0,0,0
0,18-24,2020-10,1829,1829,1829,1829,1829,1829,1829,1829,1829,1829,1829,1829,1829,0,0,0,0,0,0,0,0,0,0,0,0
0,18-24,2020-11,1757,1757,1757,1757,1757,1757,1757,1757,1757,1757,1757,1757,1757,0,0,0,0,0,0,0,0,0,0,0,0
0,18-24,2020-12,1771,1771,1771,1771,1771,1771,1771,1771,1771,1771,1771,1771,1771,0,0,0,0,0,0,0,0,0,0,0,0
0,18-24,2021-01,1676,1676,1676,1676,1676,1676,1676,1676,1676,1676,1676,1676,1676,0,0,0,0,0,0,0,0,0,0,0,0
0,18-24,2021-02,1434,1434,1434,1434,1434,1434,1434,1434,1434,1434,1434,1434,1434,0,0,0,0,0,0,0,0,0,0,0,0
0,18-24,2021-03,1527,1527,1527,1527,1527,1527,1527,1527,1527,1527,1527,1527,1527,0,0,0,0,0,0,0,0,0,0,0,0
0,18-24,2021-04,1427,1427,1427,1427,1427,1427,1427,1427,1427,1427,1427,1427,1427,0,0,0,0,0,0,0,0,0,0,0,0
0,18-24,2021-05,1382,1382,1382,1382,1382,1382,1382,1382,1382,1382,1382,1382,1382,0,0,0,0,0,0,0,0,0,0,0,0
0,18-24,2021-06,1100,1100,1100,1100,1100,1100,1100,1100,1100,1100,1100,1100,1100,0,0,0,0,0,0,0,0,0,0,0,0
1,18-24,2020-01,2414,2414,2414,2414,2414,2414,2414,2414,2414,2414,2414,2414,2414,0,0,0,0,0,0,0,0,0,0,0,0
1,18-24,2020-02,2233,2233,2233,2233,2233,2233,2233,2233,2233,2233,2233,2233,2233,0,0,0,0,0,0,0,0,0,0,0,0
1,18-24,2020-03,2387,2387,2387,2387,2387,2387,2387,2387,2387,2387,2387,2387,2387,0,0,0,0,0,0,0,0,0,0,0,0
1,18-24,2020-04,2294,2294,2294,2294,2294,2294,2294,2294,2294,2294,2294,2294,2294,0,0,0,0,0,0,0,0,0,0,0,0
1,18-24,2020-05,2325,2325,2325,2325,2325,2325,2325,2325,2325,2325,2325,2325,2325,0,0,0,0,0,0,0,0,0,0,0,0
1,18-24,2020-06,2203,2203,2203,2203,2203,2203,2203,2203,2203,2203,2203,2203,2203,0,0,0,0,0,0,0,0,0,0,0,0
1,18-24,2020-07,2211,2211,2211,2211,2211,2211,2211,2211,2211,2211,2211,2211,2211,0,0,0,0,0,0,0,0,0,0,0,0
1,18-24,2020-08,2170,2170,2170,2170,2170,2170,2170,2170,2170,2170,2170,2170,2170,0,0,0,0,0,0,0,0,0,0,0,0
1,18-24,2020-09,2086,2086,2086,2086,2086,2086,2086,2086,2086,2086,2086,2086,2086,0,0,0,0,0,0,0,0,0,0,0,0
1,18-24,2020-10,2093,2093,2093,2093,2093,2093,2093,2093,2093,2093,2093,2093,2093,0,0,0,0,0,0,0,0,0,0,0,0
1,18-24,2020-11,1980,1980,1980,1980,1980,1980,1980,1980,1980,1980,1980,1980,1980,0,0,0,0,0,0,0,0,0,0,0,0
1,18-24,2020-12,2021,2021,2021,2021,2021,2021,2021,2021,2021,2021,2021,2021,2021,0,0,0,0,0,0,0,0,0,0,0,0
1,18-24,2021-01,1926,1926,1926,1926,1926,1926,1926,1926,1926,1926,1926,1926,1926,0,0,0,0,0,0,0,0,0,0,0,0
1,18-24,2021-02,1652,1652,1652,1652,1652,1652,1652,1652,1652,1652,1652,1652,1652,0,0,0,0,0,0,0,0,0,0,0,0
1,18-24,2021-03,1777,1777,1777,1777,1777,1777,1777,1777,1777,1777,1777,1777,1777,0,0,0,0,0,0,0,0,0,0,0,0
1,18-24,2021-04,1710,1710,1710,1710,1710,1710,1710,1710,1710,1710,1710,1710,1710,0,0,0,0,0,0,0,0,0,0,0,0
1,18-24,2021-05,1724,1724,1724,1724,1724,1724,1724,1724,1724,1724,1724,1724,1724,0,0,0,0,0,0,0,0,0,0,0,0
1,18-24,2021-06,1517,1517,1517,1517,1517,1517,1517,1517,1517,1517,1517,1517,1517,0,0,0,0,0,0,0,0,0,0,0,0
1,25-29,2020-01,1922,1922,1922,1922,1922,1922,1922,1922,1922,1922,1922,1922,1922,0,0,0,0,0,0,0,0,0,0,0,0
1,25-29,2020-02,1798,1798,1798,1798,1798,1798,1798,1798,1798,1798,1798,1798,1798,0,0,0,0,0,0,0,0,0,0,0,0
1,25-29,2020-03,1922,1922,1922,1922,1922,1922,1922,1922,1922,1922,1922,1922,1922,0,0,0,0,0,0,0,0,0,0,0,0
1,25-29,2020-04,1853,1853,1853,1853,1853,1853,1853,1853,1853,1853,1853,1853,1853,0,0,0,0,0,0,0,0,0,0,0,0
1,25-29,2020-05,1891,1891,1891,1891,1891,1891,1891,1891,1891,1891,1891,1891,1891,0,0,0,0,0,0,0,0,0,0,0,0
1,25-29,2020-06,1830,1830,1830,1830,1830,1830,1830,1830,1830,1830,1830,1830,1830,0,0,0,0,0,0,0,0,0,0,0,0
1,25-29,2020-07,1891,1891,1891,1891,1891,1891,1891,1891,1891,1891,1891,1891,1891,0,0,0,0,0,0,0,0,0,0,0,0
1,25-29,2020-08,1861,1861,1861,1861,1861,1861,1861,1861,1861,1861,1861,1861,1861,0,0,0,0,0,0,0,0,0,0,0,0
1,25-29,2020-09,1770,1770,1770,1770,1770,1770,1770,1770,1770,1770,1770,1770,1770,0,0,0,0,0,0,0,0,0,0,0,0
1,25-29,2020-10,1829,1829,1829,1829,1829,1829,1829,1829,1829,1829,1829,1829,1829,0,0,0,0,0,0,0,0,0,0,0,0
1,25-29,2020-11,1770,1770,1770,1770,1770,1770,1770,1770,1770,1770,1770,1770,1770,0,0,0,0,0,0,0,0,0,0,0,0
1,25-29,2020-12,1812,1812,1812,1812,1812,1812,1812,1812,1812,1812,1812,1812,1812,0,0,0,0,0,0,0,0,0,0,0,0
1,25-29,2021-01,1734,1734,1734,1734,1734,1734,1734,1734,1734,1734,1734,1734,1734,0,0,0,0,0,0,0,0,0,0,0,0
1,25-29,2021-02,1509,1509,1509,1509,1509,1509,1509,1509,1509,1509,1509,1509,1509,0,0,0,0,0,0,0,0,0,0,0,0
1,25-29,2021-03,1643,1643,1643,1643,1643,1643,1643,1643,1643,1643,1643,1643,1643,0,0,0,0,0,0,0,0,0,0,0,0
1,25-29,2021-04,1590,1590,1590,1590,1590,1590,1590,1590,1590,1590,1590,1590,1590,0,0,0,0,0,0,0,0,0,0,0,0
1,25-29,2021-05,1606,1606,1606,1606,1606,1606,1606,1606,1606,1606,1606,1606,1606,0,0,0,0,0,0,0,0,0,0,0,0
1,25-29,2021-06,1367,1367,1367,1367,1367,1367,1367,1367,1367,1367,1367,1367,1367,0,0,0,0,0,0,0,0,0,0,0,0
0,25-29,2020-01,2257,2257,2257,2257,2257,2257,2257,2257,2257,2257,2257,2257,2257,0,0,0,0,0,0,0,0,0,0,0,0
0,25-29,2020-02,2088,2088,2088,2088,2088,2088,2088,2088,2088,2088,2088,2088,2088,0,0,0,0,0,0,0,0,0,0,0,0
0,25-29,2020-03,2204,2204,2204,2204,2204,2204,2204,2204,2204,2204,2204,2204,2204,0,0,0,0,0,0,0,0,0,0,0,0
0,25-29,2020-04,2130,2130,2130,2130,2130,2130,2130,2130,2130,2130,2130,2130,2130,0,0,0,0,0,0,0,0,0,0,0,0
0,25-29,2020-05,2178,2178,2178,2178,2178,2178,2178,2178,2178,2178,2178,2178,2178,0,0,0,0,0,0,0,0,0,0,0,0
0,25-29,2020-06,2069,2069,2069,2069,2069,2069,2069,2069,2069,2069,2069,2069,2069,0,0,0,0,0,0,0,0,0,0,0,0
0,25-29,2020-07,2108,2108,2108,2108,2108,2108,2108,2108,2108,2108,2108,2108,2108,0,0,0,0,0,0,0,0,0,0,0,0
0,25-29,2020-08,2094,2094,2094,2094,2094,2094,2094,2094,2094,2094,2094,2094,2094,0,0,0,0,0,0,0,0,0,0,0,0
0,25-29,2020-09,2006,2006,2006,2006,2006,2006,2006,2006,2006,2006,2006,2006,2006,0,0,0,0,0,0,0,0,0,0,0,0
0,25-29,2020-10,2046,2046,2046,2046,2046,2046,2046,2046,2046,2046,2046,2046,2046,0,0,0,0,0,0,0,0,0,0,0,0
0,25-29,2020-11,1980,1980,1980,1980,1980,1980,1980,1980,1980,1980,1980,1980,1980,0,0,0,0,0,0,0,0,0,0,0,0
0,25-29,2020-12,2046,2046,2046,2046,2046,2046,2046,2046,2046,2046,2046,2046,2046,0,0,0,0,0,0,0,0,0,0,0,0
0,25-29,2021-01,2031,2031,2031,2031,2031,2031,2031,2031,2031,2031,2031,2031,2031,0,0,0,0,0,0,0,0,0,0,0,0
0,25-29,2021-02,1772,1772,1772,1772,1772,1772,1772,1772,1772,1772,1772,1772,1772,0,0,0,0,0,0,0,0,0,0,0,0
0,25-29,2021-03,1877,1877,1877,1877,1877,1877,1877,1877,1877,1877,1877,1877,1877,0,0,0,0,0,0,0,0,0,0,0,0
0,25-29,2021-04,1780,1780,1780,1780,1780,1780,1780,1780,1780,1780,1780,1780,1780,0,0,0,0,0,0,0,0,0,0,0,0
0,25-29,2021-05,1753,1753,1753,1753,1753,1753,1753,1753,1753,1753,1753,1753,1753,0,0,0,0,0,0,0,0,0,0,0,0
0,25-29,2021-06,1536,1536,1536,1536,1536,1536,1536,1536,1536,1536,1536,1536,1536,0,0,0,0,0,0,0,0,0,0,0,0
1,30-39,2020-01,3276,3276,3276,3276,3276,3276,3276,3276,3276,3276,3276,3276,3276,0,0,0,0,0,0,0,0,0,0,0,0
1,30-39,2020-02,3019,3019,3019,3019,3019,3019,3019,3019,3019,3019,3019,3019,3019,0,0,0,0,0,0,0,0,0,0,0,0
1,30-39,2020-03,3224,3224,3224,3224,3224,3224,3224,3224,3224,3224,3224,3224,3224,0,0,0,0,0,0,0,0,0,0,0,0
1,30-39,2020-04,3120,3120,3120,3120,3120,3120,3120,3120,3120,3120,3120,3120,3120,0,0,0,0,0,0,0,0,0,0,0,0
1,30-39,2020-05,3224,3224,3224,3224,3224,3224,3224,3224,3224,3224,3224,3224,3224,0,0,0,0,0,0,0,0,0,0,0,0
1,30-39,2020-06,3120,3120,3120,3120,3120,3120,3120,3120,3120,3120,3120,3120,3120,0,0,0,0,0,0,0,0,0,0,0,0
1,30-39,2020-07,3186,3186,3186,3186,3186,3186,3186,3186,3186,3186,3186,3186,3186,0,0,0,0,0,0,0,0,0,0,0,0
1,30-39,2020-08,3084,3084,3084,3084,3084,3084,3084,3084,3084,3084,3084,3084,3084,0,0,0,0,0,0,0,0,0,0,0,0
1,30-39,2020-09,2967,2967,2967,2967,2967,2967,2967,2967,2967,2967,2967,2967,2967,0,0,0,0,0,0,0,0,0,0,0,0
1,30-39,2020-10,3028,3028,3028,3028,3028,3028,3028,3028,3028,3028,3028,3028,3028,0,0,0,0,0,0,0,0,0,0,0,0
1,30-39,2020-11,2866,2866,2866,2866,2866,2866,2866,2866,2866,2866,2866,2866,2866,0,0,0,0,0,0,0,0,0,0,0,0
1,30-39,2020-12,2875,2875,2875,2875,2875,2875,2875,2875,2875,2875,2875,2875,2875,0,0,0,0,0,0,0,0,0,0,0,0
1,30-39,2021-01,2743,2743,2743,2743,2743,2743,2743,2743,2743,2743,2743,2743,2743,0,0,0,0,0,0,0,0,0,0,0,0
1,30-39,2021-02,2383,2383,2383,2383,2383,2383,2383,2383,2383,2383,2383,2383,2383,0,0,0,0,0,0,0,0,0,0,0,0
1,30-39,2021-03,2561,2561,2561,2561,2561,2561,2561,2561,2561,2561,2561,2561,2561,0,0,0,0,0,0,0,0,0,0,0,0
1,30-39,2021-04,2431,2431,2431,2431,2431,2431,2431,2431,2431,2431,2431,2431,2431,0,0,0,0,0,0,0,0,0,0,0,0
1,30-39,2021-05,2342,2342,2342,2342,2342,2342,2342,2342,2342,2342,2342,2342,2342,0,0,0,0,0,0,0,0,0,0,0,0
1,30-39,2021-06,1968,1968,1968,1968,1968,1968,1968,1968,1968,1968,1968,1968,1968,0,0,0,0,0,0,0,0,0,0,0,0
0,30-39,2020-01,4062,4062,4062,4062,4062,4062,4062,4062,4062,4062,4062,4062,4062,0,0,0,0,0,0,0,0,0,0,0,0
0,30-39,2020-02,3784,3784,3784,3784,3784,3784,3784,3784,3784,3784,3784,3784,3784,0,0,0,0,0,0,0,0,0,0,0,0
0,30-39,2020-03,4001,4001,4001,4001,4001,4001,4001,4001,4001,4001,4001,4001,4001,0,0,0,0,0,0,0,0,0,0,0,0
0,30-39,2020-04,3797,3797,3797,3797,3797,3797,3797,3797,3797,3797,3797,3797,3797,0,0,0,0,0,0,0,0,0,0,0,0
0,30-39,2020-05,3883,3883,3883,3883,3883,3883,3883,3883,3883,3883,3883,3883,3883,0,0,0,0,0,0,0,0,0,0,0,0
0,30-39,2020-06,3750,3750,3750,3750,3750,3750,3750,3750,3750,3750,3750,3750,3750,0,0,0,0,0,0,0,0,0,0,0,0
0,30-39,2020-07,3870,3870,3870,3870,3870,3870,3870,3870,3870,3870,3870,3870,3870,0,0,0,0,0,0,0,0,0,0,0,0
0,30-39,2020-08,3844,3844,3844,3844,3844,3844,3844,3844,3844,3844,3844,3844,3844,0,0,0,0,0,0,0,0,0,0,0,0
0,30-39,2020-09,3720,3720,3720,3720,3720,3720,3720,3720,3720,3720,3720,3720,3720,0,0,0,0,0,0,0,0,0,0,0,0
0,30-39,2020-10,3844,3844,3844,3844,3844,3844,3844,3844,3844,3844,3844,3844,3844,0,0,0,0,0,0,0,0,0,0,0,0
0,30-39,2020-11,3706,3706,3706,3706,3706,3706,3706,3706,3706,3706,3706,3706,3706,0,0,0,0,0,0,0,0,0,0,0,0
0,30-39,2020-12,3750,3750,3750,3750,3750,3750,3750,3750,3750,3750,3750,3750,3750,0,0,0,0,0,0,0,0,0,0,0,0
0,30-39,2021-01,3547,3547,3547,3547,3547,3547,3547,3547,3547,3547,3547,3547,3547,0,0,0,0,0,0,0,0,0,0,0,0
0,30-39,2021-02,3092,3092,3092,3092,3092,3092,3092,3092,3092,3092,3092,3092,3092,0,0,0,0,0,0,0,0,0,0,0,0
0,30-39,2021-03,3199,3199,3199,3199,3199,3199,3199,3199,3199,3199,3199,3199,3199,0,0,0,0,0,0,0,0,0,0,0,0
0,30-39,2021-04,2952,2952,2952,2952,2952,2952,2952,2952,2952,2952,2952,2952,2952,0,0,0,0,0,0,0,0,0,0,0,0
0,30-39,2021-05,2939,2939,2939,2939,2939,2939,2939,2939,2939,2939,2939,2939,2939,0,0,0,0,0,0,0,0,0,0,0,0
0,30-39,2021-06,2354,2354,2354,2354,2354,2354,2354,2354,2354,2354,2354,2354,2354,0,0,0,0,0,0,0,0,0,0,0,0
1,40-49,2020-01,5563,5563,5563,5563,5563,5563,5563,5532,5563,5563,5563,5532,5563,0,0,0,0,0,0,0,0,0,0,0,0
1,40-49,2020-02,5168,5168,5168,5168,5168,5168,5168,5139,5168,5168,5168,5139,5168,0,0,0,0,0,0,0,0,0,0,0,0
1,40-49,2020-03,5476,5476,5476,5476,5476,5476,5476,5445,5476,5476,5476,5445,5476,0,0,0,0,0,0,0,0,0,0,0,0
1,40-49,2020-04,5275,5275,5275,5275,5275,5275,5275,5245,5275,5275,5275,5245,5275,0,0,0,0,0,0,0,0,0,0,0,0
1,40-49,2020-05,5394,5394,5394,5394,5394,5394,5394,5363,5394,5394,5394,5363,5394,0,0,0,0,0,0,0,0,0,0,0,0
1,40-49,2020-06,5190,5190,5190,5190,5190,5190,5190,5146,5190,5190,5190,5146,5190,0,0,0,0,0,0,< 5,0,0,0,< 5,0
1,40-49,2020-07,5341,5341,5341,5341,5341,5341,5341,5279,5341,5341,5341,5279,5341,0,0,0,0,0,0,0,0,0,0,0,0
1,40-49,2020-08,5243,5243,5243,5243,5243,5243,5243,5181,5243,5243,5243,5181,5243,0,0,0,0,0,0,0,0,0,0,0,0
1,40-49,2020-09,5007,5007,5007,5007,5007,5007,5007,4947,5007,5007,5007,4947,5007,0,0,0,0,0,0,0,0,0,0,0,0
1,40-49,2020-10,5112,5112,5112,5112,5112,5112,5112,5050,5112,5112,5112,5050,5112,0,0,0,0,0,0,0,0,0,0,0,0
1,40-49,2020-11,4895,4895,4895,4895,4895,4895,4895,4835,4895,4895,4895,4835,4895,0,0,0,0,0,0,0,0,0,0,0,0
1,40-49,2020-12,4959,4959,4959,4959,4959,4959,4959,4897,4959,4959,4959,4897,4959,0,0,0,0,0,0,0,0,0,0,0,0
1,40-49,2021-01,4848,4848,4848,4848,4848,4848,4848,4786,4848,4848,4848,4786,4848,0,0,0,0,0,0,0,0,0,0,0,0
1,40-49,2021-02,4261,4261,4261,4261,4261,4261,4261,4205,4261,4261,4261,4205,4261,0,0,0,0,0,0,0,0,0,0,0,0
1,40-49,2021-03,4407,4407,4407,4407,4407,4407,4407,4345,4407,4407,4407,4345,4407,0,0,0,0,0,0,0,0,0,0,0,0
1,40-49,2021-04,4140,4140,4140,4140,4140,4140,4140,4080,4140,4140,4140,4080,4140,0,0,0,0,0,0,0,0,0,0,0,0
1,40-49,2021-05,4046,4046,4046,4046,4046,4046,4046,3964,4046,4046,4046,3964,4046,0,0,0,0,0,0,< 5,0,0,0,< 5,0
1,40-49,2021-06,2988,2988,2988,2988,2988,2988,2988,2945,2988,2988,2988,2945,2988,0,0,0,0,0,0,0,0,0,0,0,0
0,40-49,2020-01,5750,5750,5750,5750,5750,5750,5750,5750,5750,5750,5750,5750,5750,0,0,0,0,0,0,0,0,0,0,0,0
0,40-49,2020-02,5365,5365,5365,5365,5365,5365,5365,5365,5365,5365,5365,5365,5365,0,0,0,0,0,0,0,0,0,0,0,0
0,40-49,2020-03,5725,5725,5725,5725,5725,5725,5725,5725,5725,5725,5725,5725,5725,0,0,0,0,0,0,0,0,0,0,0,0
0,40-49,2020-04,5520,5520,5520,5520,5520,5520,5520,5520,5520,5520,5520,5520,5520,0,0,0,0,0,0,0,0,0,0,0,0
0,40-49,2020-05,5674,5674,5674,5674,5674,5674,5674,5674,5674,5674,5674,5674,5674,0,0,0,0,0,0,0,0,0,0,0,0
0,40-49,2020-06,5400,5400,5400,5400,5400,5400,5400,5400,5400,5400,5400,5400,5400,0,0,0,0,0,0,0,0,0,0,0,0
0,40-49,2020-07,5580,5580,5580,5580,5580,5580,5580,5580,5580,5580,5580,5580,5580,0,0,0,0,0,0,0,0,0,0,0,0
0,40-49,2020-08,5575,5575,5575,5575,5575,5575,5575,5575,5575,5575,5575,5575,5575,0,0,0,0,0,0,0,0,0,0,0,0
0,40-49,2020-09,5352,5352,5352,5352,5352,5352,5352,5352,5352,5352,5352,5352,5352,0,0,0,0,0,0,0,0,0,0,0,0
0,40-49,2020-10,5518,5518,5518,5518,5518,5518,5518,5518,5518,5518,5518,5518,5518,0,0,0,0,0,0,0,0,0,0,0,0
0,40-49,2020-11,5260,5260,5260,5260,5260,5260,5260,5260,5260,5260,5260,5260,5260,0,0,0,0,0,0,0,0,0,0,0,0
0,40-49,2020-12,5306,5306,5306,5306,5306,5306,5306,5306,5306,5306,5306,5306,5306,0,0,0,0,0,0,0,0,0,0,0,0
0,40-49,2021-01,5124,5124,5124,5124,5124,5124,5124,5124,5124,5124,5124,5124,5124,0,0,0,0,0,0,0,0,0,0,0,0
0,40-49,2021-02,4384,4384,4384,4384,4384,4384,4384,4384,4384,4384,4384,4384,4384,0,0,0,0,0,0,0,0,0,0,0,0
0,40-49,2021-03,4524,4524,4524,4524,4524,4524,4524,4524,4524,4524,4524,4524,4524,0,0,0,0,0,0,0,0,0,0,0,0
0,40-49,2021-04,4233,4233,4233,4233,4233,4233,4233,4233,4233,4233,4233,4233,4233,0,0,0,0,0,0,0,0,0,0,0,0
0,40-49,2021-05,4214,4214,4214,4214,4214,4214,4214,4214,4214,4214,4214,4214,4214,0,0,0,0,0,0,0,0,0,0,0,0
0,40-49,2021-06,3286,3286,3286,3286,3286,3286,3286,3286,3286,3286,3286,3286,3286,0,0,0,0,0,0,0,0,0,0,0,0
0,50-59,2020-01,6665,6665,6665,6665,6665,6665,6665,6665,6665,6665,6665,6665,6665,0,0,0,0,0,0,0,0,0,0,0,0
0,50-59,2020-02,6215,6215,6215,6215,6215,6215,6215,6215,6215,6215,6215,6215,6215,0,0,0,0,0,0,0,0,0,0,0,0
0,50-59,2020-03,6612,6612,6612,6612,6612,6612,6612,6612,6612,6612,6612,6612,6612,0,0,0,0,0,0,0,0,0,0,0,0
0,50-59,2020-04,6380,6380,6380,6380,6380,6380,6380,6380,6380,6380,6380,6380,6380,0,0,0,0,0,0,0,0,0,0,0,0
0,50-59,2020-05,6532,6532,6532,6532,6532,6532,6532,6532,6532,6532,6532,6532,6532,0,0,0,0,0,0,0,0,0,0,0,0
0,50-59,2020-06,6240,6240,6240,6240,6240,6240,6240,6240,6240,6240,6240,6240,6240,0,0,0,0,0,0,0,0,0,0,0,0
0,50-59,2020-07,6361,6361,6361,6361,6361,6361,6361,6361,6361,6361,6361,6361,6361,0,0,0,0,0,0,0,0,0,0,0,0
0,50-59,2020-08,6305,6305,6305,6305,6305,6305,6305,6305,6305,6305,6305,6305,6305,0,0,0,0,0,0,0,0,0,0,0,0
0,50-59,2020-09,6058,6058,6058,6058,6058,6058,6058,6058,6058,6058,6058,6058,6058,0,0,0,0,0,0,0,0,0,0,0,0
0,50-59,2020-10,6193,6193,6193,6193,6193,6193,6193,6193,6193,6193,6193,6193,6193,0,0,0,0,0,0,0,0,0,0,0,0
0,50-59,2020-11,5937,5937,5937,5937,5937,5937,5937,5937,5937,5937,5937,5937,5937,0,0,0,0,0,0,0,0,0,0,0,0
0,50-59,2020-12,6037,6037,6037,6037,6037,6037,6037,6037,6037,6037,6037,6037,6037,0,0,0,0,0,0,0,0,0,0,0,0
0,50-59,2021-01,5727,5727,5727,5727,5727,5727,5727,5727,5727,5727,5727,5727,5727,0,0,0,0,0,0,0,0,0,0,0,0
0,50-59,2021-02,4782,4782,4782,4782,4782,4782,4782,4782,4782,4782,4782,4782,4782,0,0,0,0,0,0,0,0,0,0,0,0
0,50-59,2021-03,4923,4923,4923,4923,4923,4923,4923,4923,4923,4923,4923,4923,4923,0,0,0,0,0,0,0,0,0,0,0,0
0,50-59,2021-04,4613,4613,4613,4613,4613,4613,4613,4613,4613,4613,4613,4613,4613,0,0,0,0,0,0,0,0,0,0,0,0
0,50-59,2021-05,4133,4133,4133,4133,4133,4133,4133,4133,4133,4133,4133,4133,4133,0,0,0,0,0,0,0,0,0,0,0,0
1,50-59,2020-01,6334,6334,6334,6334,6334,6334,6334,6303,6334,6334,6334,6303,6334,0,0,0,0,0,0,0,0,0,0,0,0
1,50-59,2020-02,5905,5905,5905,5905,5905,5905,5905,5876,5905,5905,5905,5876,5905,0,0,0,0,0,0,0,0,0,0,0,0
1,50-59,2020-03,6266,6266,6266,6266,6266,6266,6266,6235,6266,6266,6266,6235,6266,0,0,0,0,0,0,0,0,0,0,0,0
1,50-59,2020-04,6060,6060,6060,6060,6060,6060,6060,6030,6060,6060,6060,6030,6060,0,0,0,0,0,0,0,0,0,0,0,0
1,50-59,2020-05,6243,6243,6243,6243,6243,6243,6243,6212,6243,6243,6243,6212,6243,0,0,0,0,0,0,0,0,0,0,0,0
1,50-59,2020-06,6030,6030,6030,6030,6030,6030,6030,6000,6030,6030,6030,6000,6030,0,0,0,0,0,0,0,0,0,0,0,0
1,50-59,2020-07,6220,6220,6220,6220,6220,6220,6220,6189,6220,6220,6220,6189,6220,0,0,0,0,0,0,0,0,0,0,0,0
1,50-59,2020-08,6200,6200,6200,6200,6200,6200,6200,6169,6200,6200,6200,6169,6200,0,0,0,0,0,0,0,0,0,0,0,0
1,50-59,2020-09,5993,5993,5993,5993,5993,5993,5993,5963,5993,5993,5993,5963,5993,0,0,0,0,0,0,0,0,0,0,0,0
1,50-59,2020-10,6120,6120,6120,6120,6120,6120,6120,6089,6120,6120,6120,6089,6120,0,0,0,0,0,0,0,0,0,0,0,0
1,50-59,2020-11,5804,5804,5804,5804,5804,5804,5804,5774,5804,5804,5804,5774,5804,0,0,0,0,0,0,0,0,0,0,0,0
1,50-59,2020-12,5855,5855,5855,5855,5855,5855,5855,5824,5855,5855,5855,5824,5855,0,0,0,0,0,0,0,0,0,0,0,0
1,50-59,2021-01,5754,5754,5754,5754,5754,5754,5754,5723,5754,5754,5754,5723,5754,0,0,0,0,0,0,0,0,0,0,0,0
1,50-59,2021-02,4983,4983,4983,4983,4983,4983,4983,4955,4983,4983,4983,4955,4983,0,0,0,0,0,0,0,0,0,0,0,0
1,50-59,2021-03,5106,5106,5106,5106,5106,5106,5106,5075,5106,5106,5106,5075,5106,0,0,0,0,0,0,0,0,0,0,0,0
1,50-59,2021-04,4772,4772,4772,4772,4772,4772,4772,4742,4772,4772,4772,4742,4772,0,0,0,0,0,0,0,0,0,0,0,0
1,50-59,2021-05,4526,4526,4526,4526,4526,4526,4526,4495,4526,4526,4526,4495,4526,0,0,0,0,0,0,0,0,0,0,0,0
1,50-59,2021-06,2637,2637,2637,2637,2637,2637,2637,2631,2637,2637,2637,2631,2637,0,0,0,0,0,0,0,0,0,0,0,0
0,50-59,2021-06,2141,2141,2141,2141,2141,2141,2141,2141,2141,2141,2141,2141,2141,0,0,0,0,0,0,0,0,0,0,0,0
1,60-69,2020-01,5120,5120,5120,5120,5120,5120,5120,5120,5120,5120,5120,5120,5120,0,0,0,0,0,0,0,0,0,0,0,0
1,60-69,2020-02,4703,4703,4703,4703,4703,4703,4703,4703,4703,4703,4703,4703,4703,0,0,0,0,0,0,0,0,0,0,0,0
1,60-69,2020-03,4960,4960,4960,4960,4960,4960,4960,4960,4960,4960,4960,4960,4960,0,0,0,0,0,0,0,0,0,0,0,0
1,60-69,2020-04,4774,4774,4774,4774,4774,4774,4774,4774,4774,4774,4774,4774,4774,0,0,0,0,0,0,0,0,0,0,0,0
1,60-69,2020-05,4883,4883,4883,4883,4883,4883,4883,4883,4883,4883,4883,4883,4883,0,0,0,0,0,0,0,0,0,0,0,0
1,60-69,2020-06,4681,4681,4681,4681,4681,4681,4681,4681,4681,4681,4681,4681,4681,0,0,0,0,0,0,0,0,0,0,0,0
1,60-69,2020-07,4836,4836,4836,4836,4836,4836,4836,4836,4836,4836,4836,4836,4836,0,0,0,0,0,0,0,0,0,0,0,0
1,60-69,2020-08,4754,4754,4754,4754,4754,4754,4754,4754,4754,4754,4754,4754,4754,0,0,0,0,0,0,0,0,0,0,0,0
1,60-69,2020-09,4549,4549,4549,4549,4549,4549,4549,4549,4549,4549,4549,4549,4549,0,0,0,0,0,0,0,0,0,0,0,0
1,60-69,2020-10,4675,4675,4675,4675,4675,4675,4675,4675,4675,4675,4675,4675,4675,0,0,0,0,0,0,0,0,0,0,0,0
1,60-69,2020-11,4476,4476,4476,4476,4476,4476,4476,4476,4476,4476,4476,4476,4476,0,0,0,0,0,0,0,0,0,0,0,0
1,60-69,2020-12,4573,4573,4573,4573,4573,4573,4573,4573,4573,4573,4573,4573,4573,0,0,0,0,0,0,0,0,0,0,0,0
1,60-69,2021-01,4362,4362,4362,4362,4362,4362,4362,4362,4362,4362,4362,4362,4362,0,0,0,0,0,0,0,0,0,0,0,0
1,60-69,2021-02,3866,3866,3866,3866,3866,3866,3866,3866,3866,3866,3866,3866,3866,0,0,0,0,0,0,0,0,0,0,0,0
1,60-69,2021-03,4151,4151,4151,4151,4151,4151,4151,4151,4151,4151,4151,4151,4151,0,0,0,0,0,0,0,0,0,0,0,0
0,60-69,2020-01,6045,6045,6045,6045,6045,6045,6045,6045,6045,6045,6045,6045,6045,0,0,0,0,0,0,0,0,0,0,0,0
0,60-69,2020-02,5655,5655,5655,5655,5655,5655,5655,5655,5655,5655,5655,5655,5655,0,0,0,0,0,0,0,0,0,0,0,0
0,60-69,2020-03,6018,6018,6018,6018,6018,6018,6018,6018,6018,6018,6018,6018,6018,0,0,0,0,0,0,0,0,0,0,0,0
0,60-69,2020-04,5810,5810,5810,5810,5810,5810,5810,5810,5810,5810,5810,5810,5810,0,0,0,0,0,0,0,0,0,0,0,0
0,60-69,2020-05,5950,5950,5950,5950,5950,5950,5950,5950,5950,5950,5950,5950,5950,0,0,0,0,0,0,0,0,0,0,0,0
0,60-69,2020-06,5647,5647,5647,5647,5647,5647,5647,5647,5647,5647,5647,5647,5647,0,0,0,0,0,0,0,0,0,0,0,0
0,60-69,2020-07,5828,5828,5828,5828,5828,5828,5828,5828,5828,5828,5828,5828,5828,0,0,0,0,0,0,0,0,0,0,0,0
0,60-69,2020-08,5812,5812,5812,5812,5812,5812,5812,5812,5812,5812,5812,5812,5812,0,0,0,0,0,0,0,0,0,0,0,0
0,60-69,2020-09,5430,5430,5430,5430,5430,5430,5430,5430,5430,5430,5430,5430,5430,0,0,0,0,0,0,0,0,0,0,0,0
0,60-69,2020-10,5495,5495,5495,5495,5495,5495,5495,5495,5495,5495,5495,5495,5495,0,0,0,0,0,0,0,0,0,0,0,0
0,60-69,2020-11,5250,5250,5250,5250,5250,5250,5250,5250,5250,5250,5250,5250,5250,0,0,0,0,0,0,0,0,0,0,0,0
0,60-69,2020-12,5272,5272,5272,5272,5272,5272,5272,5272,5272,5272,5272,5272,5272,0,0,0,0,0,0,0,0,0,0,0,0
0,60-69,2021-01,5032,5032,5032,5032,5032,5032,5032,5032,5032,5032,5032,5032,5032,0,0,0,0,0,0,0,0,0,0,0,0
0,60-69,2021-02,4323,4323,4323,4323,4323,4323,4323,4323,4323,4323,4323,4323,4323,0,0,0,0,0,0,0,0,0,0,0,0
0,60-69,2021-03,4499,4499,4499,4499,4499,4499,4499,4499,4499,4499,4499,4499,4499,0,0,0,0,0,0,0,0,0,0,0,0
0,60-69,2021-04,4020,4020,4020,4020,4020,4020,4020,4020,4020,4020,4020,4020,4020,0,0,0,0,0,0,0,0,0,0,0,0
0,60-69,2021-05,3225,3225,3225,3225,3225,3225,3225,3225,3225,3225,3225,3225,3225,0,0,0,0,0,0,0,0,0,0,0,0
0,60-69,2021-06,1280,1280,1280,1280,1280,1280,1280,1280,1280,1280,1280,1280,1280,0,0,0,0,0,0,0,0,0,0,0,0
1,60-69,2021-04,3721,3721,3721,3721,3721,3721,3721,3721,3721,3721,3721,3721,3721,0,0,0,0,0,0,0,0,0,0,0,0
1,60-69,2021-05,2477,2477,2477,2477,2477,2477,2477,2477,2477,2477,2477,2477,2477,0,0,0,0,0,0,0,0,0,0,0,0
1,60-69,2021-06,722,722,722,722,722,722,722,722,722,722,722,722,722,0,0,0,0,0,0,0,0,0,0,0,0
1,70-79,2020-01,3962,3962,3962,3962,3962,3962,3962,3962,3962,3962,3962,3962,3962,0,0,0,0,0,0,0,0,0,0,0,0
1,70-79,2020-02,3664,3664,3664,3664,3664,3664,3664,3664,3664,3664,3664,3664,3664,0,0,0,0,0,0,0,0,0,0,0,0
1,70-79,2020-03,3881,3881,3881,3881,3881,3881,3881,3881,3881,3881,3881,3881,3881,0,0,0,0,0,0,0,0,0,0,0,0
1,70-79,2020-04,3720,3720,3720,3720,3720,3720,3720,3720,3720,3720,3720,3720,3720,0,0,0,0,0,0,0,0,0,0,0,0
1,70-79,2020-05,3813,3813,3813,3813,3813,3813,3813,3813,3813,3813,3813,3813,3813,0,0,0,0,0,0,0,0,0,0,0,0
1,70-79,2020-06,3659,3659,3659,3659,3659,3659,3659,3659,3659,3659,3659,3659,3659,0,0,0,0,0,0,0,0,0,0,0,0
1,70-79,2020-07,3700,3700,3700,3700,3700,3700,3700,3700,3700,3700,3700,3700,3700,0,0,0,0,0,0,0,0,0,0,0,0
1,70-79,2020-08,3661,3661,3661,3661,3661,3661,3661,3661,3661,3661,3661,3661,3661,0,0,0,0,0,0,0,0,0,0,0,0
1,70-79,2020-09,3491,3491,3491,3491,3491,3491,3491,3491,3491,3491,3491,3491,3491,0,0,0,0,0,0,0,0,0,0,0,0
1,70-79,2020-10,3555,3555,3555,3555,3555,3555,3555,3555,3555,3555,3555,3555,3555,0,0,0,0,0,0,0,0,0,0,0,0
1,70-79,2020-11,3420,3420,3420,3420,3420,3420,3420,3420,3420,3420,3420,3420,3420,0,0,0,0,0,0,0,0,0,0,0,0
1,70-79,2020-12,3421,3421,3421,3421,3421,3421,3421,3421,3421,3421,3421,3421,3421,0,0,0,0,0,0,0,0,0,0,0,0
1,70-79,2021-01,3349,3349,3349,3349,3349,3349,3349,3349,3349,3349,3349,3349,3349,0,0,0,0,0,0,0,0,0,0,0,0
1,70-79,2021-02,2983,2983,2983,2983,2983,2983,2983,2983,2983,2983,2983,2983,2983,0,0,0,0,0,0,0,0,0,0,0,0
1,70-79,2021-03,3163,3163,3163,3163,3163,3163,3163,3163,3163,3163,3163,3163,3163,0,0,0,0,0,0,0,0,0,0,0,0
1,70-79,2021-04,1947,1947,1947,1947,1947,1947,1947,1947,1947,1947,1947,1947,1947,0,0,0,0,0,0,0,0,0,0,0,0
1,70-79,2021-05,854,854,854,854,854,854,854,854,854,854,854,854,854,0,0,0,0,0,0,0,0,0,0,0,0
0,70-79,2020-01,4729,4729,4729,4729,4729,4729,4729,4729,4729,4729,4729,4729,4729,0,0,0,0,0,0,0,0,0,0,0,0
0,70-79,2020-02,4381,4381,4381,4381,4381,4381,4381,4381,4381,4381,4381,4381,4381,0,0,0,0,0,0,0,0,0,0,0,0
0,70-79,2020-03,4656,4656,4656,4656,4656,4656,4656,4656,4656,4656,4656,4656,4656,0,0,0,0,0,0,0,0,0,0,0,0
0,70-79,2020-04,4467,4467,4467,4467,4467,4467,4467,4467,4467,4467,4467,4467,4467,0,0,0,0,0,0,0,0,0,0,0,0
0,70-79,2020-05,4588,4588,4588,4588,4588,4588,4588,4588,4588,4588,4588,4588,4588,0,0,0,0,0,0,0,0,0,0,0,0
0,70-79,2020-06,4416,4416,4416,4416,4416,4416,4416,4416,4416,4416,4416,4416,4416,0,0,0,0,0,0,0,0,0,0,0,0
0,70-79,2020-07,4514,4514,4514,4514,4514,4514,4514,4514,4514,4514,4514,4514,4514,0,0,0,0,0,0,0,0,0,0,0,0
0,70-79,2020-08,4493,4493,4493,4493,4493,4493,4493,4493,4493,4493,4493,4493,4493,0,0,0,0,0,0,0,0,0,0,0,0
0,70-79,2020-09,4313,4313,4313,4313,4313,4313,4313,4313,4313,4313,4313,4313,4313,0,0,0,0,0,0,0,0,0,0,0,0
0,70-79,2020-10,4386,4386,4386,4386,4386,4386,4386,4386,4386,4386,4386,4386,4386,0,0,0,0,0,0,0,0,0,0,0,0
0,70-79,2020-11,4224,4224,4224,4224,4224,4224,4224,4224,4224,4224,4224,4224,4224,0,0,0,0,0,0,0,0,0,0,0,0
0,70-79,2020-12,4338,4338,4338,4338,4338,4338,4338,4338,4338,4338,4338,4338,4338,0,0,0,0,0,0,0,0,0,0,0,0
0,70-79,2021-01,4216,4216,4216,4216,4216,4216,4216,4216,4216,4216,4216,4216,4216,0,0,0,0,0,0,0,0,0,0,0,0
0,70-79,2021-02,3733,3733,3733,3733,3733,3733,3733,3733,3733,3733,3733,3733,3733,0,0,0,0,0,0,0,0,0,0,0,0
0,70-79,2021-03,4036,4036,4036,4036,4036,4036,4036,4036,4036,4036,4036,4036,4036,0,0,0,0,0,0,0,0,0,0,0,0
0,70-79,2021-04,2591,2591,2591,2591,2591,2591,2591,2591,2591,2591,2591,2591,2591,0,0,0,0,0,0,0,0,0,0,0,0
0,70-79,2021-05,1073,1073,1073,1073,1063,1073,1063,1073,1073,1073,1073,1073,1073,0,0,0,< 5,0,< 5,0,0,0,0,0,0
0,70-79,2021-06,419,419,419,419,389,419,389,419,419,419,419,419,419,0,0,0,0,0,0,0,0,0,0,0,0
1,70-79,2021-06,366,366,366,366,366,366,366,366,366,366,366,366,366,0,0,0,0,0,0,0,0,0,0,0,0
0,80+,2020-01,4785,4785,4785,4785,4754,4785,4754,4785,4785,4785,4785,4785,4785,0,0,0,0,0,0,0,0,0,0,0,0
0,80+,2020-02,4466,4466,4466,4466,4437,4466,4437,4466,4466,4466,4466,4466,4466,0,0,0,0,0,0,0,0,0,0,0,0
0,80+,2020-03,4747,4747,4747,4747,4716,4747,4716,4747,4747,4747,4747,4747,4747,0,0,0,0,0,0,0,0,0,0,0,0
0,80+,2020-04,4501,4501,4501,4501,4471,4501,4471,4501,4501,4501,4501,4501,4501,0,0,0,0,0,0,0,0,0,0,0,0
0,80+,2020-05,4546,4546,4546,4546,4514,4546,4514,4546,4546,4546,4546,4546,4546,0,0,0,< 5,0,< 5,0,0,0,0,0,0
0,80+,2020-06,4317,4317,4317,4317,4287,4317,4287,4317,4317,4317,4317,4317,4317,0,0,0,0,0,0,0,0,0,0,0,0
0,80+,2020-07,4423,4423,4423,4423,4392,4423,4392,4423,4423,4423,4423,4423,4423,0,0,0,0,0,0,0,0,0,0,0,0
0,80+,2020-08,4402,4402,4402,4402,4371,4402,4371,4402,4402,4402,4402,4402,4402,0,0,0,0,0,0,0,0,0,0,0,0
0,80+,2020-09,4260,4260,4260,4260,4230,4260,4230,4260,4260,4260,4260,4260,4260,0,0,0,0,0,0,0,0,0,0,0,0
0,80+,2020-10,4401,4401,4401,4401,4370,4401,4370,4401,4401,4401,4401,4401,4401,0,0,0,0,0,0,0,0,0,0,0,0
0,80+,2020-11,4230,4230,4230,4230,4200,4230,4200,4230,4230,4230,4230,4230,4230,0,0,0,0,0,0,0,0,0,0,0,0
0,80+,2020-12,4355,4355,4355,4355,4324,4355,4324,4355,4355,4355,4355,4355,4355,0,0,0,0,0,0,0,0,0,0,0,0
0,80+,2021-01,4275,4275,4275,4275,4244,4275,4244,4275,4275,4275,4275,4275,4275,0,0,0,0,0,0,0,0,0,0,0,0
0,80+,2021-02,3747,3747,3747,3747,3719,3747,3719,3747,3747,3747,3747,3747,3747,0,0,0,0,0,0,0,0,0,0,0,0
0,80+,2021-03,3289,3289,3289,3289,3262,3289,3262,3289,3289,3289,3289,3289,3289,0,0,0,0,0,0,0,0,0,0,0,0
0,80+,2021-04,1058,1058,1058,1058,1058,1058,1058,1058,1058,1058,1058,1058,1058,0,0,0,0,0,0,0,0,0,0,0,0
1,80+,2020-01,3789,3789,3789,3789,3789,3789,3789,3789,3789,3789,3789,3789,3789,0,0,0,0,0,0,0,0,0,0,0,0
1,80+,2020-02,3464,3464,3464,3464,3464,3464,3464,3464,3464,3464,3464,3464,3464,0,0,0,0,0,0,0,0,0,0,0,0
1,80+,2020-03,3627,3627,3627,3627,3627,3627,3627,3627,3627,3627,3627,3627,3627,0,0,0,0,0,0,0,0,0,0,0,0
1,80+,2020-04,3480,3480,3480,3480,3480,3480,3480,3480,3480,3480,3480,3480,3480,0,0,0,0,0,0,0,0,0,0,0,0
1,80+,2020-05,3565,3565,3565,3565,3565,3565,3565,3565,3565,3565,3565,3565,3565,0,0,0,0,0,0,0,0,0,0,0,0
1,80+,2020-06,3450,3450,3450,3450,3450,3450,3450,3450,3450,3450,3450,3450,3450,0,0,0,0,0,0,0,0,0,0,0,0
1,80+,2020-07,3532,3532,3532,3532,3532,3532,3532,3532,3532,3532,3532,3532,3532,0,0,0,0,0,0,0,0,0,0,0,0
1,80+,2020-08,3458,3458,3458,3458,3458,3458,3458,3458,3458,3458,3458,3458,3458,0,0,0,0,0,0,0,0,0,0,0,0
1,80+,2020-09,3297,3297,3297,3297,3297,3297,3297,3297,3297,3297,3297,3297,3297,0,0,0,0,0,0,0,0,0,0,0,0
1,80+,2020-10,3341,3341,3341,3341,3341,3341,3341,3341,3341,3341,3341,3341,3341,0,0,0,0,0,0,0,0,0,0,0,0
1,80+,2020-11,3172,3172,3172,3172,3172,3172,3172,3172,3172,3172,3172,3172,3172,0,0,0,0,0,0,0,0,0,0,0,0
1,80+,2020-12,3176,3176,3176,3176,3176,3176,3176,3176,3176,3176,3176,3176,3176,0,0,0,0,0,0,0,0,0,0,0,0
1,80+,2021-01,2995,2995,2995,2995,2995,2995,2995,2995,2995,2995,2995,2995,2995,0,0,0,0,0,0,0,0,0,0,0,0
1,80+,2021-02,2653,2653,2653,2653,2653,2653,2653,2653,2653,2653,2653,2653,2653,0,0,0,0,0,0,0,0,0,0,0,0
1,80+,2021-03,2405,2405,2405,2405,2405,2405,2405,2405,2405,2405,2405,2405,2405,0,0,0,0,0,0,0,0,0,0,0,0
1,80+,2021-04,857,857,857,857,857,857,857,857,857,857,857,857,857,0,0,0,0,0,0,0,0,0,0,0,0
0,80+,2021-05,412,412,412,412,412,412,412,412,412,412,412,412,412,0,0,0,0,0,0,0,0,0,0,0,0
0,80+,2021-06,355,355,355,355,355,355,355,355,355,355,355,355,355,0,0,0,0,0,0,0,0,0,0,0,0
1,80+,2021-05,188,188,188,188,188,188,188,188,188,188,188,188,188,0,0,0,0,0,0,0,0,0,0,0,0
1,80+,2021-06,156,156,156,156,156,156,156,156,156,156,156,156,156,0,0,0,0,0,0,0,0,0,0,0,0
